mtry,trees,min_n,tree_depth,learn_rate,loss_reduction,sample_size,.metric,.estimator,mean,n,std_err,.config
5,981,38,7,0.0035602243895922394,2.369580039302661e-5,0.8731332789990119,mae,standard,1.4083595802560473,5,0.0034177123856598732,pre0_mod01_post0
5,981,38,7,0.0035602243895922394,2.369580039302661e-5,0.8731332789990119,rmse,standard,1.8401664865289453,5,0.003247570373512208,pre0_mod01_post0
5,981,38,7,0.0035602243895922394,2.369580039302661e-5,0.8731332789990119,rsq,standard,0.6228793806604946,5,0.001760373697167927,pre0_mod01_post0
6,715,34,6,0.0028863511754520436,1.0337319376446679e-5,0.7417042023851537,mae,standard,1.5307551200908922,5,0.0031902841748309573,pre0_mod02_post0
6,715,34,6,0.0028863511754520436,1.0337319376446679e-5,0.7417042023851537,rmse,standard,1.9664683035455732,5,0.0034799204719664456,pre0_mod02_post0
6,715,34,6,0.0028863511754520436,1.0337319376446679e-5,0.7417042023851537,rsq,standard,0.6006629486439471,5,0.0021628240067974973,pre0_mod02_post0
7,1044,36,4,0.010287595596054522,31.57064158926484,0.6722664507920854,mae,standard,1.418803291861411,5,0.003249492946121349,pre0_mod03_post0
7,1044,36,4,0.010287595596054522,31.57064158926484,0.6722664507920854,rmse,standard,1.8522754292469148,5,0.0033306642363537635,pre0_mod03_post0
7,1044,36,4,0.010287595596054522,31.57064158926484,0.6722664507920854,rsq,standard,0.6163954892289765,5,0.0018614715549398306,pre0_mod03_post0
8,1619,16,4,0.056518168465051866,44.95092506557508,0.5144301690122423,mae,standard,1.394507520190234,5,0.0033527279629358194,pre0_mod04_post0
8,1619,16,4,0.056518168465051866,44.95092506557508,0.5144301690122423,rmse,standard,1.8291231106876913,5,0.0032174753607508875,pre0_mod04_post0
8,1619,16,4,0.056518168465051866,44.95092506557508,0.5144301690122423,rsq,standard,0.6232856068426247,5,0.0018113728532855354,pre0_mod04_post0
10,1241,33,9,0.03139977659626229,5.331933616172261e-4,0.5838438880241786,mae,standard,1.3585317707397309,5,0.004456270362856826,pre0_mod05_post0
10,1241,33,9,0.03139977659626229,5.331933616172261e-4,0.5838438880241786,rmse,standard,1.7920995059917577,5,0.0037988128364152014,pre0_mod05_post0
10,1241,33,9,0.03139977659626229,5.331933616172261e-4,0.5838438880241786,rsq,standard,0.636872043280387,5,0.0017684341453200517,pre0_mod05_post0
12,497,6,6,0.020780298455477048,2.0865988880119384e-4,0.8468661141620639,mae,standard,1.3665820505351998,5,0.0041307964821192455,pre0_mod06_post0
12,497,6,6,0.020780298455477048,2.0865988880119384e-4,0.8468661141620639,rmse,standard,1.8006469136900616,5,0.0035498343230310606,pre0_mod06_post0
12,497,6,6,0.020780298455477048,2.0865988880119384e-4,0.8468661141620639,rsq,standard,0.6336195430518241,5,0.0016646349903347863,pre0_mod06_post0
14,929,25,3,0.009145436177987748,0.2158148077484522,0.5629386657848954,mae,standard,1.5220855935102817,5,0.003227176722130416,pre0_mod07_post0
14,929,25,3,0.009145436177987748,0.2158148077484522,0.5629386657848954,rmse,standard,1.958575108114857,5,0.0037446741705043653,pre0_mod07_post0
14,929,25,3,0.009145436177987748,0.2158148077484522,0.5629386657848954,rsq,standard,0.5828284308538303,5,0.0023616180304884956,pre0_mod07_post0
14,1150,10,9,0.02575900820402266,12.545902071333726,0.8887430302371893,mae,standard,1.365156064302784,5,0.004170073386135296,pre0_mod08_post0
14,1150,10,9,0.02575900820402266,12.545902071333726,0.8887430302371893,rmse,standard,1.798102706070821,5,0.0035535245355678945,pre0_mod08_post0
14,1150,10,9,0.02575900820402266,12.545902071333726,0.8887430302371893,rsq,standard,0.6347809092152572,5,0.0017018933467582956,pre0_mod08_post0
16,1266,37,8,0.007083153464008191,0.0014465919267016073,0.7302456523990258,mae,standard,1.3606929500131475,5,0.004352566013680982,pre0_mod09_post0
16,1266,37,8,0.007083153464008191,0.0014465919267016073,0.7302456523990258,rmse,standard,1.794749435888625,5,0.003575783399315284,pre0_mod09_post0
16,1266,37,8,0.007083153464008191,0.0014465919267016073,0.7302456523990258,rsq,standard,0.635810854371019,5,0.0017331333270113084,pre0_mod09_post0
19,905,17,8,0.0011474757896933329,0.007325711347496002,0.5259857498458587,mae,standard,1.6197053275933253,5,0.002513678504756438,pre0_mod10_post0
19,905,17,8,0.0011474757896933329,0.007325711347496002,0.5259857498458587,rmse,standard,2.055933180708122,5,0.0035527149598776936,pre0_mod10_post0
19,905,17,8,0.0011474757896933329,0.007325711347496002,0.5259857498458587,rsq,standard,0.6191317299996276,5,0.0016997549767714362,pre0_mod10_post0
20,1375,15,5,0.0019136738151381558,2.1091910144356096,0.9316850046743639,mae,standard,1.494882984489445,5,0.003015910484722169,pre0_mod11_post0
20,1375,15,5,0.0019136738151381558,2.1091910144356096,0.9316850046743639,rmse,standard,1.927251777408818,5,0.0032572629407302293,pre0_mod11_post0
20,1375,15,5,0.0019136738151381558,2.1091910144356096,0.9316850046743639,rsq,standard,0.604303927694777,5,0.0021175506435496547,pre0_mod11_post0
21,1773,39,8,0.07307962447072652,4.852581379506284e-5,0.6842763311501282,mae,standard,1.3575326891781598,5,0.004383516907204168,pre0_mod12_post0
21,1773,39,8,0.07307962447072652,4.852581379506284e-5,0.6842763311501282,rmse,standard,1.7912639510978556,5,0.003785101337288218,pre0_mod12_post0
21,1773,39,8,0.07307962447072652,4.852581379506284e-5,0.6842763311501282,rsq,standard,0.6372176779320513,5,0.0017308754482299835,pre0_mod12_post0
23,1854,19,4,0.007923635489921838,0.599338107414555,0.9624574077470849,mae,standard,1.3860672248359203,5,0.0035675424017898266,pre0_mod13_post0
23,1854,19,4,0.007923635489921838,0.599338107414555,0.9624574077470849,rmse,standard,1.8197524780405883,5,0.0034696014193518017,pre0_mod13_post0
23,1854,19,4,0.007923635489921838,0.599338107414555,0.9624574077470849,rsq,standard,0.6270899059013922,5,0.001755154556967524,pre0_mod13_post0
24,1462,13,8,0.013595071747344235,4.833407858986051,0.6076890884743382,mae,standard,1.3586203284144187,5,0.004390918343204231,pre0_mod14_post0
24,1462,13,8,0.013595071747344235,4.833407858986051,0.6076890884743382,rmse,standard,1.7920401929580292,5,0.0037171811874676898,pre0_mod14_post0
24,1462,13,8,0.013595071747344235,4.833407858986051,0.6076890884743382,rsq,standard,0.6368968714551863,5,0.0017003721349467115,pre0_mod14_post0
26,850,6,5,0.08372812837343933,0.016971117720860133,0.5800507186097092,mae,standard,1.3583315493840442,5,0.004422789854588089,pre0_mod15_post0
26,850,6,5,0.08372812837343933,0.016971117720860133,0.5800507186097092,rmse,standard,1.79197545697357,5,0.003779028680470349,pre0_mod15_post0
26,850,6,5,0.08372812837343933,0.016971117720860133,0.5800507186097092,rsq,standard,0.636922477595731,5,0.001652861462043713,pre0_mod15_post0
27,1944,30,5,0.0015922238728889265,66.47554605467754,0.7757171789339433,mae,standard,1.460177835822398,5,0.00317247035748057,pre0_mod16_post0
27,1944,30,5,0.0015922238728889265,66.47554605467754,0.7757171789339433,rmse,standard,1.8913789960624174,5,0.003305022911145956,pre0_mod16_post0
27,1944,30,5,0.0015922238728889265,66.47554605467754,0.7757171789339433,rsq,standard,0.610859127324008,5,0.00198331448187143,pre0_mod16_post0
28,356,32,4,0.012386971820338375,1.0745749066042354,0.6219013480159143,mae,standard,1.4953419077562338,5,0.0027771486692861843,pre0_mod17_post0
28,356,32,4,0.012386971820338375,1.0745749066042354,0.6219013480159143,rmse,standard,1.9293701039641418,5,0.0031111185011966896,pre0_mod17_post0
28,356,32,4,0.012386971820338375,1.0745749066042354,0.6219013480159143,rsq,standard,0.5957270540270652,5,0.00229696352400497,pre0_mod17_post0
30,1196,29,6,0.0013369776652601417,0.02068982003545479,0.9129014724904361,mae,standard,1.5472114364723943,5,0.002356306198502791,pre0_mod18_post0
30,1196,29,6,0.0013369776652601417,0.02068982003545479,0.9129014724904361,rmse,standard,1.9805712317215274,5,0.0028453488268266026,pre0_mod18_post0
30,1196,29,6,0.0013369776652601417,0.02068982003545479,0.9129014724904361,rsq,standard,0.6072445600537089,5,0.0020290805604095503,pre0_mod18_post0
32,1431,23,7,0.003065989329170015,0.04444244692935402,0.7108479988722441,mae,standard,1.3714007687292225,5,0.003936619225662823,pre0_mod19_post0
32,1431,23,7,0.003065989329170015,0.04444244692935402,0.7108479988722441,rmse,standard,1.8044696956792168,5,0.0033474337973731292,pre0_mod19_post0
32,1431,23,7,0.003065989329170015,0.04444244692935402,0.7108479988722441,rsq,standard,0.6329020730286679,5,0.001723627270515073,pre0_mod19_post0
34,620,12,6,0.09291548382752525,2.4078535708749573,0.8098296990967355,mae,standard,1.3572832211191628,5,0.00435797458992146,pre0_mod20_post0
34,620,12,6,0.09291548382752525,2.4078535708749573,0.8098296990967355,rmse,standard,1.790598036656162,5,0.003661757656642238,pre0_mod20_post0
34,620,12,6,0.09291548382752525,2.4078535708749573,0.8098296990967355,rsq,standard,0.6374829292677808,5,0.0016070046228390902,pre0_mod20_post0
36,416,26,10,0.002443624372106734,0.060343574190738845,0.8624331634918538,mae,standard,1.5873487315380581,5,0.0028270607105947555,pre0_mod21_post0
36,416,26,10,0.002443624372106734,0.060343574190738845,0.8624331634918538,rmse,standard,2.01756738078642,5,0.0036908663119417954,pre0_mod21_post0
36,416,26,10,0.002443624372106734,0.060343574190738845,0.8624331634918538,rsq,standard,0.6294293021394965,5,0.0015677188952162979,pre0_mod21_post0
37,1553,24,4,0.004532133890618984,7.253102605601196,0.9901360794630212,mae,standard,1.4403666688547583,5,0.003190843853547676,pre0_mod22_post0
37,1553,24,4,0.004532133890618984,7.253102605601196,0.9901360794630212,rmse,standard,1.8734016360122596,5,0.0032798112006614845,pre0_mod22_post0
37,1553,24,4,0.004532133890618984,7.253102605601196,0.9901360794630212,rsq,standard,0.6110703751591474,5,0.0018687641943376722,pre0_mod22_post0
39,379,8,10,0.004696578370590737,6.1029140832263706e-5,0.7963606095795209,mae,standard,1.4281848976447031,5,0.003447853432566771,pre0_mod23_post0
39,379,8,10,0.004696578370590737,6.1029140832263706e-5,0.7963606095795209,rmse,standard,1.852113514189203,5,0.0037708040875016535,pre0_mod23_post0
39,379,8,10,0.004696578370590737,6.1029140832263706e-5,0.7963606095795209,rsq,standard,0.6332350617964712,5,0.0015859973674426091,pre0_mod23_post0
40,555,20,9,0.04202322013987563,9.260376327477342e-4,0.6399897253722884,mae,standard,1.357603271183348,5,0.004329168169365584,pre0_mod24_post0
40,555,20,9,0.04202322013987563,9.260376327477342e-4,0.6399897253722884,rmse,standard,1.7912127547124626,5,0.003808447070626467,pre0_mod24_post0
40,555,20,9,0.04202322013987563,9.260376327477342e-4,0.6399897253722884,rsq,standard,0.6372373395251653,5,0.0017181899738393867,pre0_mod24_post0
42,657,21,7,0.021600416163731897,0.3665220966828334,0.9718334572544942,mae,standard,1.3574336123199886,5,0.004377459842966602,pre0_mod25_post0
42,657,21,7,0.021600416163731897,0.3665220966828334,0.9718334572544942,rmse,standard,1.7905833979980468,5,0.0037115552485707066,pre0_mod25_post0
42,657,21,7,0.021600416163731897,0.3665220966828334,0.9718334572544942,rsq,standard,0.6374864021067556,5,0.0016814878175782234,pre0_mod25_post0
42,1814,9,7,0.036863876136102466,1.3580721316708443e-4,0.94996895629835,mae,standard,1.3572143820530447,5,0.004345269451486717,pre0_mod26_post0
42,1814,9,7,0.036863876136102466,1.3580721316708443e-4,0.94996895629835,rmse,standard,1.7911734114949494,5,0.003811104463436393,pre0_mod26_post0
42,1814,9,7,0.036863876136102466,1.3580721316708443e-4,0.94996895629835,rsq,standard,0.6372613756219505,5,0.0015627094230799736,pre0_mod26_post0
44,1922,27,6,0.017872004776317313,0.0022179932454688776,0.8229063041935054,mae,standard,1.3576892095778403,5,0.004363091666423496,pre0_mod27_post0
44,1922,27,6,0.017872004776317313,0.0022179932454688776,0.8229063041935054,rmse,standard,1.7910604336093918,5,0.0036875629099888227,pre0_mod27_post0
44,1922,27,6,0.017872004776317313,0.0022179932454688776,0.8229063041935054,rsq,standard,0.6372933031860611,5,0.0017047640979035833,pre0_mod27_post0
46,1538,21,9,0.05320797418650116,2.5213150535235496e-4,0.7644415872792403,mae,standard,1.3574046243377618,5,0.004332228317463433,pre0_mod28_post0
46,1538,21,9,0.05320797418650116,2.5213150535235496e-4,0.7644415872792403,rmse,standard,1.7915489078552411,5,0.0037933933531269447,pre0_mod28_post0
46,1538,21,9,0.05320797418650116,2.5213150535235496e-4,0.7644415872792403,rsq,standard,0.6371096552503535,5,0.001624960627488567,pre0_mod28_post0
48,796,11,8,0.005482069191315713,0.09734532291996581,0.5407152298178214,mae,standard,1.3641406245872676,5,0.0042564919036671,pre0_mod29_post0
48,796,11,8,0.005482069191315713,0.09734532291996581,0.5407152298178214,rmse,standard,1.7966742625427916,5,0.003675500413563892,pre0_mod29_post0
48,796,11,8,0.005482069191315713,0.09734532291996581,0.5407152298178214,rsq,standard,0.6355039584170054,5,0.0016663787631995624,pre0_mod29_post0
49,1690,35,3,0.0014372806830840652,0.004793082148757062,0.6506208845996297,mae,standard,1.7335211025263904,5,0.0027760772499067833,pre0_mod30_post0
49,1690,35,3,0.0014372806830840652,0.004793082148757062,0.6506208845996297,rmse,standard,2.1986732967194134,5,0.0031066992081759163,pre0_mod30_post0
49,1690,35,3,0.0014372806830840652,0.004793082148757062,0.6506208845996297,rsq,standard,0.5058756223286855,5,0.002802448758763306,pre0_mod30_post0
