year,site,date_planted,date_harvested,gs_dayl_s_mean,gs_prcp_mm_total,gs_srad_w_m_2_mean,gs_tmax_deg_c_mean,gs_tmin_deg_c_mean,gs_vp_pa_mean,gs_swe_kg_m_2_total,gs_n_days
2014,DEH1,2014-05-05,2014-09-29,49638.64216216216,489.04,373.93554054054056,27.086824324324326,16.745675675675677,1951.6700675675675,0,148
2014,GAH1,2014-04-04,2014-09-11,48322.96857142857,652.6,384.02267080745344,30.65478260869565,18.750372670807455,2217.0391925465838,0,161
2014,IAH1,2014-05-09,2014-10-21,49050.072108433735,840.21,350.6745180722892,24.057048192771084,12.614638554216867,1533.0192168674698,0,166
2014,IAH2,2014-05-16,2014-10-26,48623.11414634146,783.46,349.84256097560973,24.039756097560975,12.411280487804879,1511.0765853658536,0,164
2014,IAH3,2014-05-20,2014-11-01,48087.34795180723,670.73,346.7557228915663,23.695722891566266,11.990361445783133,1483.6503614457831,0,166
2014,IAH4,2014-05-19,2014-10-28,48255.44116564417,735.02,351.99196319018404,24.932147239263802,13.188527607361964,1584.1527607361963,0,163
2014,ILH1,2014-05-06,2014-10-07,49528.12367741935,743.49,367.5352258064516,26.055548387096774,14.625032258064516,1720.6725161290324,0,155
2014,INH1,2014-05-25,2014-11-18,46534.520280898876,736.71,329.07994382022474,22.767415730337078,11.156404494382022,1447.481404494382,10.11,178
2014,MNH1,2014-05-16,2014-10-16,49784.42772727273,553.3,351.2092207792208,23.72733766233766,12.515844155844157,1524.9244805194805,0,154
2014,MOH1,2014-05-07,2014-10-22,48380.46958579882,837.59,363.28603550295855,25.936627218934913,14.846863905325444,1760.6659171597632,0,169
2014,MOH2,2014-05-05,2014-11-13,47093.48051813472,852.94,349.31766839378236,25.294145077720206,14.023316062176166,1713.4252331606217,0,193
2014,NCH1,2014-04-28,2014-10-08,48453.670853658536,865.24,373.1870731707317,29.267195121951218,18.42408536585366,2163.5010975609757,0,164
2014,NEH1,2014-05-16,2014-10-22,48644.74925,757.54,357.910875,26.74975,13.792875,1655.7475,0,160
2014,NEH2,2014-05-15,2014-11-05,47765.422685714286,500.13,378.63377142857144,25.81714285714286,10.433942857142858,1290.3458857142857,0,175
2014,NEH3,2014-05-14,2014-11-14,47198.177135135134,364.02,375.99313513513516,25.06345945945946,9.227405405405406,1162.917081081081,0,185
2014,NYH1,2014-05-29,2014-12-08,45251.570927835055,577.79,296.633969072165,19.22938144329897,8.914329896907217,1251.6661340206185,62.17,194
2014,NYH2,2014-05-27,2014-12-02,45744.80431578947,556.84,300.84994736842106,19.817105263157895,9.425315789473684,1282.2165789473684,12.440000000000001,190
2014,ONH1,2014-05-19,2014-11-04,48174.45605882353,562.31,335.79929411764704,21.031588235294116,10.02064705882353,1278.378,0,170
2014,ONH2,2014-05-27,2014-11-29,45926.13860962567,526.93,312.6560962566845,19.544385026737967,10.604064171122994,1387.7402139037433,44.94,187
2014,TXH1,2014-03-01,2014-08-21,47404.01436781609,475.79,407.02045977011494,29.37551724137931,16.987701149425288,2008.0974137931034,0,174
2014,TXH2,2014-04-23,2014-09-30,48547.55099378882,513.32,414.3013043478261,29.462670807453417,15.15416149068323,1595.4175155279504,0,161
2014,WIH1,2014-05-09,2014-10-28,48797.62312138728,693.74,352.15445086705205,23.029826589595377,11.198670520231214,1393.7961849710982,0,173
2015,DEH1,2015-04-29,2015-09-14,50337.725539568346,477.87,371.12510791366907,28.29230215827338,17.928273381294964,2107.9937410071943,0,139
2015,GAH1,2015-04-01,2015-08-26,48583.57358108108,531.66,385.08527027027026,30.997297297297298,19.505472972972974,2309.890135135135,0,148
2015,IAH1,2015-05-02,2015-10-09,49878.50459627329,904.92,354.93142857142857,25.079937888198756,13.897142857142857,1637.989751552795,0,161
2015,IAH3,2015-04-30,2015-10-01,50341.30238709677,682.49,362.30696774193547,25.251354838709677,13.724322580645161,1604.8969032258065,0,155
2015,IAH4,2015-05-01,2015-09-28,50323.76841059603,714.6899999999999,362.23774834437086,26.517350993377484,14.926754966887417,1743.9047682119206,0,151
2015,ILH1,2015-04-30,2015-10-02,49809.49237179487,724.26,370.92192307692306,26.81705128205128,15.270576923076923,1775.7913461538462,0,156
2015,INH1,2015-05-14,2015-10-15,49061.43670967742,580.84,365.5854838709677,26.111032258064515,14.303290322580645,1682.3718064516129,0,155
2015,KSH1,2015-04-23,2015-09-21,50092.381842105264,737.02,370.45467105263157,28.22592105263158,16.099802631578946,1893.7580921052631,0,152
2015,MNH1,2015-05-19,2015-11-10,47821.25988636364,709.82,328.21926136363635,23.204829545454544,11.580738636363636,1445.0435795454546,0,176
2015,MOH1,2015-05-04,2015-10-06,49313.75602564103,684.13,358.8961538461538,27.158589743589744,16.82602564102564,1970.1308974358974,0,156
2015,MOH2,2015-05-05,2015-10-02,49531.82940397351,684.13,360.2071523178808,27.37437086092715,17.040596026490068,1993.9041059602648,0,151
2015,NCH1,2015-04-28,2015-09-16,49402.21943661972,629.81,380.2885915492958,30.242112676056337,18.9912676056338,2255.629014084507,0,142
2015,NEH1,2015-06-09,2015-11-18,46022.2345398773,564.47,330.48484662576686,25.37730061349693,13.282269938650307,1629.3292024539878,0,163
2015,NEH2,2015-04-23,2015-10-26,48618.0356684492,452.13,374.67711229946525,25.56235294117647,11.24529411764706,1372.5413903743315,0,187
2015,NEH3,2015-06-10,2015-12-14,44218.430265957446,288.28,331.0013829787234,23.23101063829787,7.907712765957447,1185.5207978723404,28.62,188
2015,NEH4,2015-06-09,2015-11-18,46022.2345398773,564.47,330.48484662576686,25.37730061349693,13.282269938650307,1629.3292024539878,0,163
2015,NYH2,2015-05-07,2015-11-16,47436.30381443299,726.25,326.6534020618557,22.086185567010308,11.035463917525773,1384.6546391752577,0,194
2015,NYH3,2015-05-23,2015-11-18,46889.57172222222,612.64,321.7192777777778,21.968166666666665,11.002666666666666,1389.2053888888888,0,180
2015,OHH1,2015-05-21,2015-10-17,48683.5888,629.71,360.8782,25.641133333333332,14.115933333333333,1661.1152,0,150
2015,ONH1,2015-04-30,2015-10-15,49858.810177514795,418.68,367.5383431952663,22.92603550295858,10.997218934911242,1305.867573964497,42.34,169
2015,ONH2,2015-05-07,2015-10-12,49768.263018867925,408.16,355.21232704402513,23.472389937106918,13.852138364779874,1595.0730188679245,0,159
2015,SDH1,2015-05-22,2015-10-28,48760.557375,277.61,366.4305625,25.4729375,11.201875,1304.405,0,160
2015,TXH1,2015-03-07,2015-07-28,47616.629791666666,735.04,377.66430555555553,29.23173611111111,18.36798611111111,2204.1241666666665,0,144
2015,WIH1,2015-06-04,2015-10-26,48247.17703448276,571.11,347.2881379310345,24.02593103448276,12.410137931034482,1499.2711034482759,0,145
2015,WIH2,2015-05-20,2015-10-14,49675.94074324324,541.98,358.265,24.529527027027026,12.347972972972974,1484.236554054054,0,148
2016,ARH1,2016-04-07,2016-08-30,49415.471849315065,521.05,367.9527397260274,29.512534246575342,19.453082191780823,2343.6504794520547,0,146
2016,ARH2,2016-04-23,2016-11-09,46907.4215920398,734.01,356.06805970149253,29.244179104477613,17.909950248756218,2140.110895522388,0,201
2016,DEH1,2016-04-25,2016-09-14,50256.482307692306,565.9399999999999,359.8665034965035,27.64958041958042,17.628881118881118,2098.19972027972,0,143
2016,GAH1,2016-04-12,2016-08-23,48937.66253731343,402.38,394.35664179104475,31.501343283582088,19.312388059701494,2300.5147014925374,0,134
2016,GAH2,2016-05-25,2016-10-12,47677.24503546099,327.75,386.49659574468086,32.95276595744681,19.569007092198582,2257.767588652482,0,141
2016,IAH1,2016-04-22,2016-10-01,50042.636932515336,708.0600000000001,365.04478527607364,26.685460122699386,14.965705521472392,1748.4526993865031,0,163
2016,IAH2,2016-04-25,2016-10-11,49697.760411764706,724.96,360.5785294117647,25.57129411764706,13.672941176470589,1634.2565294117646,0,170
2016,IAH3,2016-04-24,2016-10-06,49962.31578313253,734.37,358.27012048192773,25.766626506024096,13.9144578313253,1633.9736144578312,0,166
2016,IAH4,2016-04-26,2016-10-17,49318.169942857145,816.76,352.46777142857144,25.69805714285714,13.864057142857142,1654.8327428571429,0,175
2016,ILH1,2016-04-26,2016-10-09,49354.12670658682,664.86,358.641497005988,26.97263473053892,15.662814371257484,1838.358502994012,0,167
2016,INH1,2016-05-19,2016-10-06,49486.02617021277,487.4,362.8448226950355,27.829432624113476,16.297021276595746,1891.3568085106383,0,141
2016,KSH1,2016-04-15,2016-09-27,49649.94445783133,863.68,362.97427710843374,28.993614457831324,16.962289156626507,1995.115421686747,0,166
2016,MIH1,2016-05-24,2016-11-16,46855.61344632768,562.01,332.47412429378534,24.617457627118643,12.228700564971751,1476.8362711864406,0,177
2016,MNH1,2016-05-17,2016-10-20,49371.86796178344,1025.95,336.0240127388535,25.25031847133758,13.895923566878981,1641.9742038216561,0,157
2016,MOH1,2016-05-23,2016-10-07,48994.38275362319,645.12,360.7823913043478,29.215507246376813,18.532101449275363,2126.4579710144926,0,138
2016,NCH1,2016-04-15,2016-09-13,49318.580921052635,779.03,367.7166447368421,30.16203947368421,18.82782894736842,2249.3852631578948,0,152
2016,NYH2,2016-05-10,2016-12-08,45801.91323943662,609.66,317.53727699530515,21.555070422535213,9.781220657276995,1226.9271830985915,0,213
2016,OHH1,2016-05-27,2016-10-15,48586.703661971835,527.19,361.0619014084507,27.71901408450704,15.88281690140845,1856.0145774647888,0,142
2016,ONH1,2016-05-04,2016-10-15,49774.78878787879,386.6,368.072,24.246121212121214,11.41769696969697,1357.1225454545454,0,165
2016,ONH2,2016-05-11,2016-11-01,48274.123485714284,435.91,341.77405714285715,24.170342857142856,13.847142857142858,1640.812742857143,0,175
2016,TXH1,2016-03-04,2016-08-05,47580.61109677419,765.09,388.27748387096773,30.210387096774195,17.96974193548387,2175.5870322580645,0,155
2016,WIH1,2016-05-09,2016-10-14,49692.416603773585,762.5,344.6218867924528,24.956729559748428,13.630188679245283,1616.8910062893083,0,159
2016,WIH2,2016-05-24,2016-10-25,48652.74935483871,747.66,328.7670322580645,25.15135483870968,13.349741935483872,1588.3843870967742,0,155
2017,ARH1,2017-04-17,2017-09-11,49306.06081081081,928.98,376.43006756756756,29.204324324324325,18.90054054054054,2240.126891891892,0,148
2017,ARH2,2017-04-25,2017-09-16,49463.62144827586,665.96,380.9948275862069,29.288896551724136,18.51648275862069,2189.3587586206895,0,145
2017,COH1,2017-05-31,2017-11-22,46070.72022727273,198.32999999999998,380.2482386363636,24.400454545454547,8.027386363636364,999.6930113636364,0,176
2017,DEH1,2017-04-28,2017-09-08,50582.78507462687,617.22,369.52671641791045,27.448358208955224,17.524626865671642,2068.648656716418,0,134
2017,GAH1,2017-04-04,2017-09-07,48420.35554140127,630.63,382.66229299363056,30.628343949044588,19.07216560509554,2250.6736305732484,0,157
2017,GAH2,2017-05-02,2017-09-08,49376.17053846154,707.11,383.40023076923075,30.262076923076922,18.688076923076924,2195.1064615384616,0,130
2017,IAH1,2017-04-25,2017-10-26,48653.348810810814,592.82,359.72264864864866,25.782,12.72254054054054,1533.165081081081,0,185
2017,IAH2,2017-05-06,2017-10-31,48435.83312849162,597.9399999999999,349.9391061452514,25.187541899441342,12.411564245810055,1515.754469273743,0,179
2017,IAH3,2017-04-25,2017-10-20,49178.69402234637,463.22,363.3310055865922,24.9768156424581,11.902234636871508,1454.0840223463688,0,179
2017,IAH4,2017-05-07,2017-10-17,49334.145670731705,567.23,360.3132317073171,26.46170731707317,13.554268292682927,1607.8508536585366,0,164
2017,MIH1,2017-05-22,2017-10-20,49050.54289473684,405.11,357.5705263157895,25.51796052631579,12.816184210526316,1521.9394078947369,0,152
2017,MOH1,2017-05-15,2017-10-19,48468.204240506326,432.88,374.0792405063291,28.16367088607595,16.308291139240506,1906.5538607594938,0,158
2017,NCH1,2017-05-02,2017-09-20,49268.26492957747,506.38,371.9285211267606,29.85957746478873,19.355704225352113,2295.1991549295776,0,142
2017,NEH3,2017-05-16,2017-11-12,47287.18906077348,645.28,341.7663535911602,25.2014364640884,12.736187845303867,1592.3842541436463,0,181
2017,NEH4,2017-05-16,2017-11-13,47219.417747252744,645.28,341.005989010989,25.10489010989011,12.652582417582417,1586.4314835164835,0,182
2017,NYH1,2017-05-20,2017-11-22,46698.37021390374,707.57,317.6416577540107,21.271871657754012,10.384224598930482,1342.0342780748663,0.84,187
2017,NYH2,2017-05-18,2017-11-24,46617.73706806283,718.4399999999999,316.4176439790576,21.163141361256546,10.299057591623036,1337.4138743455496,0.84,191
2017,NYH3,2017-05-18,2017-11-24,46617.73706806283,718.4399999999999,316.4176439790576,21.163141361256546,10.299057591623036,1337.4138743455496,0.84,191
2017,OHH1,2017-05-16,2017-10-20,48581.35164556962,758.92,363.58943037974683,25.895126582278483,14.101835443037974,1652.4127215189874,0,158
2017,ONH1,2017-05-17,2017-10-31,48523.37357142857,411.1,340.83684523809524,22.36732142857143,10.947916666666666,1354.838869047619,0,168
2017,ONH2,2017-05-18,2017-10-27,48578.57355828221,338.98,348.10993865030673,23.933067484662576,13.255460122699386,1564.710490797546,0,163
2017,WIH1,2017-05-05,2017-10-19,49462.84994047619,698.77,358.58178571428573,24.047142857142855,12.116726190476191,1460.6569047619048,0,168
2017,WIH2,2017-05-11,2017-11-06,48177.20183333333,555.67,337.4556666666667,22.907444444444444,10.798833333333333,1361.238388888889,0,180
2018,ARH1,2018-04-25,2018-09-01,49770.295076923074,339.88,383.87669230769234,31.823461538461537,20.758846153846154,2468.8266153846153,0,130
2018,ARH2,2018-04-19,2018-09-23,49107.82113924051,655.32,367.85246835443036,30.93784810126582,20.125253164556963,2414.1682911392404,0,158
2018,DEH1,2018-05-02,2018-09-20,50084.817605633805,775.36,345.70401408450704,28.773098591549296,19.334154929577466,2290.1826056338027,0,142
2018,GAH1,2018-04-03,2018-08-30,48566.828,746.15,378.00893333333335,30.4414,18.772266666666667,2244.8564666666666,0,150
2018,GAH2,2018-05-01,2018-09-12,49221.98933333333,477.96999999999997,382.49466666666666,31.645925925925926,19.646074074074075,2311.607407407407,0,135
2018,IAH1,2018-05-08,2018-10-18,49096.6625,759.91,344.15256097560973,26.895243902439024,15.043170731707317,1772.2584146341464,0,164
2018,IAH2,2018-04-29,2018-10-23,49012.699550561796,910.35,342.0662359550562,25.222247191011235,13.569550561797753,1640.5468539325843,0,178
2018,IAH3,2018-04-30,2018-10-15,49492.555562130176,924.97,343.1231952662722,25.90165680473373,14.183254437869822,1670.6744378698224,0,169
2018,IAH4,2018-05-15,2018-10-26,48630.86387878788,995.92,336.8157575757576,25.635878787878788,14.092,1696.5182424242423,0,165
2018,ILH1,2018-05-08,2018-09-24,50265.117,603.58,369.5447857142857,28.95807142857143,17.424642857142857,2016.5292857142856,0,140
2018,INH1,2018-05-07,2018-09-19,50642.03022058823,511.24,367.1724264705882,28.216029411764705,16.633014705882353,1925.9257352941177,0,136
2018,KSH1,2018-05-07,2018-10-06,49065.83405228758,451.01,396.9681699346405,31.177450980392155,15.899934640522876,1612.9386928104575,0,153
2018,MIH1,2018-05-28,2018-11-18,46711.76371428571,460.02,313.9518857142857,22.300457142857145,11.621714285714285,1481.5153142857143,0,175
2018,MNH1,2018-05-24,2018-11-14,47354.44811428571,786.36,302.20142857142855,21.6424,11.3392,1505.6627428571428,11.09,175
2018,MOH1,2018-05-17,2018-09-26,49809.42263157895,350.39,373.4270676691729,30.571428571428573,19.13503759398496,2188.3182706766916,0,133
2018,NCH1,2018-05-08,2018-09-25,49150.57205673759,736.93,351.88666666666666,30.752198581560283,20.247234042553192,2391.7309219858157,0,141
2018,NEH2,2018-05-08,2018-09-27,50439.114685314686,623.5,363.26244755244755,28.09769230769231,16.469790209790208,1868.8388111888112,0,143
2018,NYH1,2018-05-25,2018-11-12,47262.62924418605,581.27,314.5082558139535,22.17470930232558,12.18046511627907,1491.3006395348837,0,172
2018,NYH2,2018-05-18,2018-12-11,45466.25182692308,701.67,295.34552884615385,19.32033653846154,9.768557692307692,1340.2660576923076,610.76,208
2018,NYH3,2018-05-18,2018-12-11,45466.25182692308,701.67,295.34552884615385,19.32033653846154,9.768557692307692,1340.2660576923076,610.76,208
2018,OHH1,2018-05-15,2018-10-09,49287.59148648649,660.28,349.98533783783785,27.489797297297297,16.740472972972974,1933.295472972973,0,148
2018,SCH1,2018-04-20,2018-09-15,49192.62798657718,644.55,370.9445637583893,29.97275167785235,18.7955033557047,2223.9019463087247,0,149
2018,TXH1-Dry,2018-03-08,2018-07-28,47659.43608391609,381.32,412.2293006993007,30.826643356643356,17.45979020979021,2092.1844055944057,0,143
2018,TXH1-Early,2018-03-08,2018-08-04,47697.699733333335,391.63,412.7423333333333,31.0904,17.643466666666665,2107.063666666667,0,150
2018,TXH1-Late,2018-04-03,2018-08-16,48584.12433823529,261.2,411.16551470588234,32.592720588235295,19.28154411764706,2287.4693382352943,0,136
2018,WIH1,2018-05-08,2018-10-19,49437.430060606064,1239.75,334.2358787878788,24.267757575757575,13.229939393939393,1593.7150909090908,0,165
2018,WIH2,2018-05-19,2018-10-19,49343.82636363636,799.75,329.38655844155846,24.721168831168832,13.41487012987013,1613.3175974025974,0,154
2019,DEH1,2019-05-09,2019-09-12,50505.901496062994,389.07,366.5333858267717,29.31755905511811,19.028818897637795,2245.2291338582677,0,127
2019,GAH1,2019-03-28,2019-08-15,48602.21014184397,422.24,400.1968085106383,31.22695035460993,18.006879432624114,2128.6874468085107,0,141
2019,GAH2,2019-04-12,2019-09-05,49145.82088435374,381.76,405.03714285714284,31.219183673469388,18.415170068027212,2118.08925170068,0,147
2019,GEH1,2019-05-14,2019-11-20,NA,NA,NA,NA,NA,NA,NA,NA
2019,IAH1,2019-06-06,2019-11-05,47106.516470588234,461.93,335.7230718954248,24.727712418300655,13.476209150326797,1672.7507189542484,0,153
2019,IAH2,2019-04-26,2019-10-26,48826.96206521739,839.61,337.64836956521737,23.754891304347826,12.312228260869565,1533.543097826087,0,184
2019,IAH3,2019-05-06,2019-10-27,48681.49725714286,840.15,341.3696,24.045885714285713,12.473714285714285,1539.2618285714286,0,175
2019,IAH4,2019-06-03,2019-10-17,48770.31211678832,588.48,344.0760583941606,25.7514598540146,14.324233576642335,1705.9189781021898,0,137
2019,ILH1,2019-05-21,2019-10-18,48664.361456953644,389.77,365.656821192053,27.369205298013245,15.58794701986755,1834.2098675496688,0,151
2019,INH1,2019-06-05,2019-10-11,48817.95891472868,315.54,365.48333333333335,27.721472868217056,15.818527131782945,1843.3793798449612,0,129
2019,MIH1,2019-05-27,2019-11-17,46822.82245714286,618.42,319.42051428571426,21.949485714285714,10.947942857142857,1427.3991428571428,0.02,175
2019,MNH1,2019-06-03,2019-11-19,46558.87064705882,782.6,304.04988235294115,20.172823529411765,10.048117647058824,1398.504411764706,92.92,170
2019,MOH1,2019-05-16,2019-10-08,49120.75568493151,555.77,364.021301369863,28.78513698630137,18.065753424657533,2108.960684931507,0,146
2019,NCH1,2019-05-13,2019-10-07,48533.52202702703,493.44,377.557027027027,31.02533783783784,19.19087837837838,2256.03,0,148
2019,NEH1,2019-05-16,2019-11-13,47177.20142857143,648.78,335.95818681318684,24.66087912087912,12.783846153846154,1652.0052747252748,0,182
2019,NYH1,2019-06-03,2019-12-12,44761.01575129534,651.26,300.1279792746114,18.828497409326424,8.327046632124352,1221.749792746114,271.64,193
2019,NYH2,2019-05-23,2019-12-11,45290.988768472904,688.16,305.2769950738916,19.09305418719212,8.528620689655172,1228.25881773399,253.72,203
2019,NYH3,2019-05-23,2019-12-12,45225.94794117647,688.16,304.8967156862745,18.995539215686275,8.433039215686275,1223.5352450980392,271.64,204
2019,OHH1,2019-06-07,2019-10-15,48344.861297709926,383.08,361.2775572519084,27.61793893129771,15.427709923664121,1809.0795419847327,0,131
2019,ONH2,2019-06-19,2019-11-20,45473.564,411.13,313.3484516129032,21.19683870967742,11.982387096774193,1529.493935483871,0,155
2019,SCH1,2019-05-02,2019-09-05,49706.06377952756,284.06,390.24204724409446,31.093622047244093,19.090866141732285,2213.341417322835,0,127
2019,TXH1,2019-03-20,2019-08-23,48065.37624203822,613.48,406.21305732484075,31.578089171974522,18.809108280254776,2265.899617834395,0,157
2019,TXH2,2019-03-20,2019-08-20,48096.19474025974,613.48,406.08045454545453,31.451623376623377,18.72324675324675,2254.610779220779,0,154
2019,TXH3,2019-03-20,2019-08-20,48096.19474025974,613.48,406.08045454545453,31.451623376623377,18.72324675324675,2254.610779220779,0,154
2019,WIH1,2019-05-12,2019-10-27,48822.5725443787,841.63,339.408224852071,23.302366863905327,12.214378698224852,1493.3263313609468,0,169
2019,WIH2,2019-06-03,2019-11-22,46239.39982658959,726.68,305.70751445086705,20.27208092485549,9.644104046242775,1344.4954913294798,9.35,173
2020,DEH1,2020-05-14,2020-09-16,50255.50063492064,525.86,354.31349206349205,28.794444444444444,19.479365079365078,2318.6394444444445,0,126
2020,GAH1,2020-04-01,2020-08-18,48718.01307142857,483.32,399.3995,30.3615,18.012642857142858,2148.1965,0,140
2020,GAH2,2020-05-05,2020-10-08,48093.554777070065,546.74,377.3664968152866,29.9543949044586,18.148917197452228,2148.8708280254777,0,157
2020,GEH1,2020-05-06,2020-11-24,NA,NA,NA,NA,NA,NA,NA,NA
2020,IAH1,2020-05-11,2020-10-18,48987.41167701864,546.43,361.38503105590064,25.943416149068323,14.102919254658385,1682.7095652173914,0,161
2020,INH1,2020-05-12,2020-10-01,49883.38622377622,369.33,374.44566433566433,27.31342657342657,15.073356643356643,1760.0797202797203,0,143
2020,MIH1,2020-05-25,2020-10-28,48273.850382165605,453,346.8344585987261,24.701146496815287,12.105668789808917,1496.8096178343949,0,157
2020,MNH1,2020-05-07,2020-11-05,48369.4256284153,686.4399999999999,330.31524590163934,22.389508196721312,10.99912568306011,1434.8307650273223,14.200000000000001,183
2020,MOH1,2020-06-02,2020-10-22,47761.446923076925,524.27,365.474965034965,27.571608391608393,16.336923076923078,1940.619020979021,0,143
2020,NCH1,2020-04-23,2020-09-01,49865.423484848485,710.8,365.63560606060605,29.16598484848485,18.83969696969697,2255.954090909091,0,132
2020,NEH1,2020-05-12,2020-10-30,48109.23238372093,417.34,354.2379651162791,26.09860465116279,13.463837209302326,1636.0387790697675,0,172
2020,NYH2,2020-05-22,2020-11-06,47696.74692307692,420.21,336.51047337278106,23.509881656804733,11.877810650887573,1470.3757396449705,0,169
2020,NYH3,2020-05-22,2020-11-06,47696.74692307692,420.21,336.51047337278106,23.509881656804733,11.877810650887573,1470.3757396449705,0,169
2020,NYS1,2020-05-22,2020-11-06,47696.74692307692,420.21,336.51047337278106,23.509881656804733,11.877810650887573,1470.3757396449705,0,169
2020,OHH1,2020-06-02,2020-11-10,46614.6962345679,454.97,344.0061111111111,25.17814814814815,12.992530864197532,1592.3425925925926,0,162
2020,SCH1,2020-05-11,2020-09-23,48960.602647058826,689.03,364.9816911764706,29.60875,19.061102941176472,2249.8070588235296,0,136
2020,TXH1,2020-03-11,2020-08-12,47854.82567741936,463.46999999999997,389.79470967741935,30.94058064516129,19.23916129032258,2323.5385806451613,0,155
2020,TXH2,2020-03-11,2020-07-30,47845.971830985916,439.94,387.9792957746479,30.481830985915494,18.840704225352113,2269.405352112676,0,142
2020,TXH3,2020-04-08,2020-08-14,48769.41674418605,358.11,396.80162790697676,32.17364341085271,20.36232558139535,2477.070465116279,0,129
2020,WIH1,2020-05-07,2020-10-21,49229.98601190476,624.03,354.11095238095237,23.864940476190476,11.760654761904762,1465.5476785714286,0,168
2020,WIH2,2020-05-13,2020-10-28,48689.10940828402,719.13,340.04218934911245,23.484852071005918,11.566568047337277,1452.908875739645,0,169
2020,WIH3,2020-05-21,2020-11-08,47807.556802325584,560.29,328.9018604651163,22.450872093023257,10.589011627906977,1381.922034883721,0,172
2021,COH1,2021-05-22,2021-11-04,47600.774431137725,103.73,415.0911976047904,27.28233532934132,9.885568862275449,884.0397005988024,0,167
2021,DEH1,2021-04-27,2021-09-19,50088.44520547945,627.26,364.1591780821918,28.22390410958904,18.096643835616437,2155.996164383562,0,146
2021,GAH1,2021-03-25,2021-08-18,48471.77680272109,630.89,387.46455782312927,29.50292517006803,17.36530612244898,2072.2032653061224,0,147
2021,GAH2,2021-04-14,2021-09-14,48919.01493506494,644.53,400.52694805194807,29.835974025974025,17.26616883116883,2048.141883116883,0,154
2021,GEH1,2021-05-11,2021-11-17,NA,NA,NA,NA,NA,NA,NA,NA
2021,IAH1,2021-05-01,2021-10-19,49075.454418604655,604.26,357.09168604651165,26.50808139534884,14.853837209302325,1758.2083720930232,0,172
2021,IAH2,2021-04-27,2021-10-11,49762.042083333334,422.45,368.79863095238096,26.836369047619048,13.741309523809523,1597.8958333333333,0,168
2021,IAH3,2021-05-06,2021-10-20,49145.28089285715,441,357.99083333333334,26.42779761904762,13.625833333333333,1598.9040476190476,0,168
2021,IAH4,2021-04-28,2021-11-03,48294.75715789474,590.86,348.1804210526316,25.639684210526315,12.851263157894737,1520.2163157894736,0,190
2021,INH1,2021-05-24,2021-09-28,49993.99875,431.53000000000003,368.649765625,28.137109375,16.430703125,1913.190703125,0,128
2021,MIH1,2021-05-13,2021-10-22,49087.81975460123,640.75,343.67,25.92122699386503,14.123374233128834,1630.568282208589,0,163
2021,MNH1,2021-05-14,2021-10-27,49003.142934131734,452.58,347.4920958083832,25.456047904191617,13.286646706586826,1501.6677245508981,0,167
2021,NCH1,2021-04-21,2021-09-24,49195.66356687898,684.79,377.9691082802548,29.169108280254775,17.573375796178343,2085.706942675159,0,157
2021,NEH1,2021-05-07,2021-11-05,47873.487978142075,535.96,355.5259016393443,27.03109289617486,13.897431693989072,1674.2734426229508,0,183
2021,NEH2,2021-05-10,2021-10-12,49423.811987179484,371.11,392.181858974359,28.540769230769232,12.956410256410257,1509.3539102564102,0,156
2021,NEH3,2021-05-21,2021-10-21,48670.06136363636,276.29,388.87487012987015,28.975,12.901623376623377,1514.7694805194806,0,154
2021,NYH2,2021-05-20,2021-11-10,47564.83382857143,800.96,316.83022857142856,23.139657142857143,12.830628571428571,1549.0724,0,175
2021,NYH3,2021-05-20,2021-11-10,47564.83382857143,800.96,316.83022857142856,23.139657142857143,12.830628571428571,1549.0724,0,175
2021,NYS1,2021-05-20,2021-11-10,47564.83382857143,800.96,316.83022857142856,23.139657142857143,12.830628571428571,1549.0724,0,175
2021,SCH1,2021-04-13,2021-10-08,48205.460893854746,846.85,375.112625698324,28.346983240223462,16.9595530726257,2003.0171508379888,0,179
2021,TXH1,2021-03-10,2021-08-12,47781.29384615384,537.42,380.52685897435896,29.269807692307694,18.85403846153846,2271.807371794872,0,156
2021,TXH2,2021-03-10,2021-08-10,47784.433376623376,537.42,380.16597402597404,29.19012987012987,18.7787012987013,2261.021038961039,0,154
2021,TXH3,2021-04-09,2021-09-14,48162.54742138365,519.81,381.3732075471698,31.28433962264151,21.074654088050316,2545.3518867924527,0,159
2021,WIH1,2021-05-10,2021-10-23,49135.83670658683,484.47,350.91413173652694,25.49443113772455,13.163053892215569,1532.746526946108,0,167
2021,WIH2,2021-05-24,2021-11-05,47912.52843373494,414.46999999999997,337.90626506024097,24.546204819277108,12.17367469879518,1461.5088554216868,0,166
2021,WIH3,2021-04-29,2021-10-05,50657.217125,645.95,368.3044375,24.8145625,12.1883125,1435.0486875,0,160
2022,COH1,2022-05-19,2022-11-16,46868.41115384615,172.94,398.8342857142857,26.245714285714286,8.709725274725274,861.9937912087912,0,182
2022,DEH1,2022-04-25,2022-09-21,49973.497533333335,434.71,363.5905333333333,27.963933333333333,17.7838,2103.1298,0,150
2022,GAH1,2022-04-04,2022-08-24,48702.28979020979,437.52,389.2325174825175,31.392867132867135,18.85958041958042,2237.6722377622377,0,143
2022,GAH2,2022-04-14,2022-09-22,48649.377222222225,435.34,390.0072222222222,30.750925925925927,18.52567901234568,2183.6001234567902,0,162
2022,GEH1,2022-05-15,2022-11-22,NA,NA,NA,NA,NA,NA,NA,NA
2022,IAH1,2022-05-10,2022-10-11,49526.77490322581,337.83,370.80890322580643,27.40664516129032,14.939741935483871,1747.6434193548387,0,155
2022,IAH2,2022-05-20,2022-10-17,49173.71867549669,368.45,361.2647682119205,26.48384105960265,13.227350993377483,1610.6560927152318,0,151
2022,IAH3,2022-05-11,2022-10-19,49160.54709876543,395.5,362.7553703703704,26.080308641975307,12.810123456790123,1573.3379012345679,0,162
2022,IAH4,2022-05-22,2022-10-25,48536.62388535032,526.81,357.1088535031847,26.291273885350318,13.184394904458598,1623.7096815286625,0,157
2022,ILH1,2022-05-11,2022-10-03,49740.31150684931,350.21999999999997,385.4986301369863,27.978424657534248,15.605410958904109,1796.8584931506848,0,146
2022,INH1,2022-05-12,2022-10-04,49769.81246575343,374.18,376.37219178082194,27.412876712328767,14.850068493150685,1740.862602739726,0,146
2022,MIH1,2022-05-20,2022-11-03,48076.63505952381,402.42,341.4524404761905,24.475952380952382,12.23202380952381,1501.4335119047619,0,168
2022,MNH1,2022-05-06,2022-11-08,48254.877914438504,508.51,339.215614973262,23.48716577540107,11.507754010695187,1461.1542245989306,0,187
2022,MOH2,2022-05-10,2022-10-24,48240.55505952381,351.34,367.7320833333333,28.722083333333334,16.357738095238094,1948.0558333333333,0,168
2022,NCH1,2022-04-21,2022-09-15,49555.939797297295,516.11,379.3571621621622,29.88972972972973,18.247364864864863,2142.103445945946,0,148
2022,NEH1,2022-05-10,2022-10-10,49510.22818181818,314.15,387.24987012987015,29.7087012987013,15.259805194805194,1771.2765584415586,0,154
2022,NEH2,2022-05-12,2022-10-06,49784.5329054054,245.18,401.6089864864865,30.2175,12.908986486486487,1417.2337162162162,0,148
2022,NEH3,2022-05-12,2022-10-26,48501.08053571429,243.93,393.7260714285714,29.313333333333333,11.56452380952381,1334.6283333333333,0,168
2022,NYH2,2022-05-12,2022-11-07,47973.22355555555,515.81,338.5846111111111,23.353444444444445,11.685,1438.32,0,180
2022,NYH3,2022-05-12,2022-11-07,47973.22355555555,515.81,338.5846111111111,23.353444444444445,11.685,1438.32,0,180
2022,OHH1,2022-06-04,2022-11-09,46713.92377358491,432.95,347.3018867924528,25.023459119496856,13.077735849056603,1601.60106918239,0,159
2022,SCH1,2022-04-28,2022-10-03,48543.746352201255,356.63,384.9476100628931,30.12748427672956,18.30981132075472,2083.0312578616354,0,159
2022,TXH1,2022-03-14,2022-08-22,47872.305679012345,232.31,415.60425925925927,33.64018518518518,20.775246913580247,2067.4061728395063,0,162
2022,TXH2,2022-03-14,2022-08-17,47909.92732484076,190.23,418.9831847133758,33.589999999999996,20.663375796178343,2080.0070700636943,0,157
2022,TXH3,2022-04-04,2022-08-26,48470.370068965516,182,412.51041379310345,34.84448275862069,22.463103448275863,2178.022896551724,0,145
2022,WIH1,2022-05-09,2022-10-21,49288.151927710845,523.39,362.04963855421687,24.343072289156627,12.199156626506024,1494.3865060240964,0,166
2022,WIH2,2022-05-23,2022-11-29,46166.27712041885,675.01,313.7517277486911,21.41392670157068,9.413455497382198,1307.4887958115182,3.3499999999999996,191
2022,WIH3,2022-05-16,2022-11-01,48584.44894117647,550.16,338.5239411764706,22.822352941176472,10.44970588235294,1344.1966470588236,0,170
2023,COH1,2023-05-24,2023-11-07,47338.95625,352.51,388.94934523809525,26.041488095238094,9.347619047619048,1207.2451785714286,10.19,168
2023,DEH1,2023-05-08,2023-10-02,49473.369594594595,635.75,354.26594594594593,27.57337837837838,17.75939189189189,2091.2066216216217,0,148
2023,GAH1,2023-03-30,2023-08-16,48658.67971428571,511.08,395.985,30.203142857142858,18.036571428571428,2143.8270714285713,0,140
2023,GAH2,2023-04-24,2023-09-26,48623.25384615384,864.37,386.5020512820513,30.106858974358975,18.082756410256412,2119.9559615384615,0,156
2023,IAH1,2023-05-20,2023-10-09,49527.336783216786,252.84,379.0774825174825,28.014265734265734,14.739020979020978,1636.3676223776224,0,143
2023,IAH2,2023-05-04,2023-10-05,50138.747870967745,378.42,376.93264516129034,27.512064516129033,14.122064516129033,1587.741935483871,0,155
2023,IAH3,2023-05-11,2023-10-17,49294.7098125,314.7,367.9675,26.9755625,13.0431875,1507.0855,0,160
2023,IAH4,2023-05-05,2023-10-22,49033.996081871344,527.82,363.3129239766082,26.66263157894737,13.495497076023392,1603.2289473684211,0,171
2023,ILH1,2023-05-03,2023-10-02,49817.3537254902,348.71,391.95444444444445,27.923986928104576,14.801176470588235,1646.4960784313726,0,153
2023,INH1,2023-05-04,2023-10-17,49026.95844311377,404.87,374.62784431137726,26.6688622754491,13.619880239520958,1582.2513173652694,0,167
2023,MIH1,2023-05-24,2023-11-16,47001.97768361582,556.87,326.7276836158192,22.793446327683615,10.990282485875706,1371.6941807909604,0,177
2023,MNH1,2023-05-17,2023-11-14,47573.95318681319,345.39,335.5429120879121,23.822142857142858,11.726153846153846,1475.8825824175824,6.99,182
2023,MOH1,2023-05-24,2023-11-08,47011.44721893491,477.13,356.6067455621302,27.82248520710059,15.35378698224852,1759.3687573964496,0,169
2023,MOH2,2023-05-09,2023-10-18,48611.439202453985,348.28000000000003,372.8545398773006,29.224539877300614,16.77834355828221,1834.6950306748465,0,163
2023,NCH1,2023-04-17,2023-09-21,49156.99424050633,560.92,383.2912025316456,28.992848101265825,17.22,2031.9691139240506,0,158
2023,NEH1,2023-05-16,2023-10-23,48589.50223602485,426.87,371.15447204968945,28.911987577639753,14.5927950310559,1486.3357142857144,0,161
2023,NEH3,2023-05-25,2023-10-23,48422.26302631579,406.15,373.7780263157895,27.781447368421052,12.10282894736842,1469.493947368421,0,152
2023,NYH2,2023-05-12,2023-11-10,47760.597377049184,542.06,326.8412021857923,21.90601092896175,11.382459016393442,1415.9792896174863,0,183
2023,NYH3,2023-05-12,2023-11-10,47760.597377049184,542.06,326.8412021857923,21.90601092896175,11.382459016393442,1415.9792896174863,0,183
2023,OHH1,2023-05-23,2023-11-29,45812.134659685864,476.06,337.36068062827223,23.05738219895288,11.31759162303665,1447.7712565445026,0,191
2023,SCH1,2023-05-06,2023-09-20,49140.89224637681,518.07,386.8067391304348,29.60086956521739,18.284202898550724,2128.007391304348,0,138
2023,TXH1,2023-03-01,2023-07-26,47336.1327027027,437.26,389.81405405405405,30.08608108108108,18.825945945945946,2294.7375675675676,0,148
2023,TXH2,2023-03-01,2023-07-24,47313.46719178082,437.26,389.2269178082192,29.97595890410959,18.74376712328767,2284.9924657534248,0,146
2023,TXH3,2023-04-14,2023-08-18,48857.8720472441,289.64,403.96511811023623,33.93748031496063,22.158818897637794,2625.990157480315,0,127
2023,WIH1,2023-05-03,2023-10-24,49137.2316,463.06,362.4982857142857,25.101542857142856,11.959657142857143,1381.4417714285714,0,175
2023,WIH2,2023-05-11,2023-11-27,46670.152437810946,414.64,333.79562189054724,22.46542288557214,9.798258706467662,1266.0958208955224,10.440000000000001,201
2023,WIH3,2023-04-26,2023-11-14,47940.423743842366,481.4,337.87049261083746,22.440344827586205,9.69960591133005,1266.2799014778325,0,203
