year,site,longitude,latitude,dayl_s_mean,prcp_mm_total,srad_wm2_mean,tmax_c_mean,tmin_c_mean,vp_pa_mean,swe_kgm2_mean
2014,DEH1,-75.204048,38.637405,43200.114575342464,1152.58,313.9152876712329,18.268876712328765,7.900849315068493,1254.2487671232877,0.845972602739726
2014,GAH1,-83.555016,31.506544,43200.08701369863,1542.4,341.53027397260274,24.473260273972603,12.00572602739726,1579.8093698630137,0
2014,IAH1,-93.696188,41.99653,43200.12978082192,1182.61,306.7448219178082,13.327095890410959,1.8735068493150686,928.8458904109589,5.166356164383561
2014,IAH2,-94.727606,42.066206,43200.13010958904,1045.36,305.5952876712329,13.342958904109588,1.5197260273972604,897.262904109589,2.570712328767123
2014,IAH3,-92.259751,41.98713,43200.12978082192,1002.65,307.62775342465756,12.852767123287672,1.4741369863013698,906.0408219178082,5.652602739726027
2014,IAH4,-91.486943,41.198645,43200.12602739726,1083.24,310.8461917808219,14.047671232876713,2.5204109589041095,965.798493150685,7.884986301369863
2014,ILH1,-88.233184,40.061135,43200.12084931507,1170.6299999999999,317.9466575342466,15.029397260273972,4.135369863013699,1046.4511506849315,11.238301369863013
2014,INH1,-87.006,40.488,43200.12249315069,1287.69,318.31186301369866,14.382575342465753,3.1767397260273973,985.0426301369863,33.83345205479452
2014,MNH1,-93.53409096,44.06971707,43200.14005479452,907.03,296.0592602739726,10.824602739726027,0.09578082191780819,873.9879178082192,14.427780821917809
2014,MOH1,-92.20997,38.898702,43200.115561643834,1188.33,320.3296712328767,16.641013698630136,5.290630136986302,1117.877917808219,4.071780821917808
2014,MOH2,-92.352163,38.928745,43200.115917808216,1223.7,316.3519178082192,17.183945205479453,5.755534246575342,1160.5814246575342,2.7454246575342465
2014,NCH1,-77.57159444,35.29921111,43200.10109589041,1478.75,327.50827397260275,22.085698630136985,10.050246575342467,1429.8172602739726,0.006027397260273973
2014,NEH1,-96.656687,40.834392,43200.124328767124,1034.47,316.6515890410959,16.681643835616438,3.2966301369863014,967.7966301369863,2.032109589041096
2014,NEH2,-100.749467,41.052978,43200.125232876715,623.66,339.1097808219178,16.613397260273974,1.307917808219178,768.6388219178082,2.697808219178082
2014,NEH3,-101.99598,41.16353,43200.12569863014,485.29,341.61098630136985,16.584246575342465,1.2489041095890412,738.4347123287671,4.342657534246576
2014,NYH1,-76.651654,42.728765,43200.13328767123,1025.61,293.2921095890411,12.709972602739725,2.4197808219178083,910.2703561643835,13.492082191780822
2014,NYH2,-76.65,42.73,43200.13328767123,1025.61,293.2921095890411,12.709972602739725,2.4197808219178083,910.2703561643835,13.492082191780822
2014,ONH1,-80.42696111,43.497025,43200.13690410959,1006.96,302.12830136986304,10.855753424657534,0.9503287671232876,826.4595342465753,26.42594520547945
2014,ONH2,-81.88311111,42.45419722,43200.131643835615,890.79,298.8352328767123,11.969068493150685,3.24827397260274,966.3,7.85841095890411
2014,TXH1,-96.43394444,30.54684444,43200.083671232875,981.78,354.34641095890413,25.85539726027397,13.206,1679.3413150684933,0
2014,TXH2,-101.9494444,34.18466667,43200.096520547944,596.04,374.3985205479452,22.10268493150685,5.992356164383562,962.442904109589,0.07238356164383561
2014,WIH1,-89.53098611,43.05706111,43200.13454794521,1036.17,309.5311506849315,11.723452054794521,0.6162465753424657,855.5792054794521,11.642383561643836
2015,DEH1,-75.465973,38.629977,43200.114575342464,1266.4,313.9116712328767,19.409287671232878,8.91123287671233,1351.1596712328767,3.2172328767123286
2015,GAH1,-83.554962,31.506502,43200.08701369863,1296.91,332.92093150684934,25.395232876712328,13.981534246575343,1753.378,0
2015,IAH1,-93.69447028,41.99825412,43200.129643835615,1346.66,304.7765479452055,15.355917808219179,3.9615068493150685,1007.4743287671233,6.102082191780822
2015,IAH3,-92.24139608,41.97577808,43200.12978082192,1143.93,305.3917808219178,15.049808219178082,3.5696986301369864,981.8998082191781,5.6556712328767125
2015,IAH4,-91.4951794,41.19981657,43200.12602739726,1201.01,306.766,16.252547945205478,4.603506849315068,1058.0796164383562,4.8192876712328765
2015,ILH1,-88.233648,40.060306,43200.12084931507,1269.27,317.9198904109589,16.91249315068493,5.720219178082192,1118.7747945205479,3.492356164383562
2015,INH1,-87.00056,40.47666,43200.12249315069,1170.62,314.0379726027397,16.23057534246575,4.966493150684931,1071.2940547945204,5.914904109589041
2015,KSH1,-96.605189,39.215864,43200.11687671233,1105.54,320.1876712328767,19.53572602739726,6.42358904109589,1165.0415342465753,3.2465753424657535
2015,MNH1,-93.534855,44.070989,43200.14005479452,1087.05,290.85334246575343,13.542027397260274,2.5578082191780824,928.3172328767123,6.2613150684931504
2015,MOH1,-92.20833333,38.89608333,43200.115561643834,1254,312.0766301369863,18.572301369863013,7.545095890410959,1248.158712328767,1.113972602739726
2015,MOH2,-92.20758333,38.89853333,43200.115561643834,1254,312.0766301369863,18.572301369863013,7.545095890410959,1248.158712328767,1.113972602739726
2015,NCH1,-77.56711667,35.29597778,43200.10095890411,1626.8799999999999,320.2203287671233,22.912657534246577,11.35627397260274,1544.237095890411,0.7898630136986301
2015,NEH1,-96.417261,41.166356,43200.12569863014,1089.05,306.60772602739723,17.32621917808219,5.101424657534246,1081.9382739726027,3.2867123287671234
2015,NEH2,-100.746632,41.050974,43200.125232876715,599.16,325.4396712328767,17.854082191780822,3.0811506849315067,871.6218630136987,0.23975342465753424
2015,NEH3,-101.988317,41.158406,43200.12569863014,643.15,328.4072328767123,17.811397260273974,2.71,843.4034246575343,1.6344383561643836
2015,NEH4,-96.417192,41.167022,43200.12569863014,1089.05,306.60772602739723,17.32621917808219,5.101424657534246,1081.9382739726027,3.2867123287671234
2015,NYH2,-76.653275,42.732712,43200.13328767123,1050.18,303.97616438356164,13.63186301369863,2.9038356164383563,945.692794520548,25.03391780821918
2015,NYH3,-76.656229,42.723512,43200.13328767123,1039.78,303.0423835616438,13.689315068493151,2.9674794520547945,949.8748219178083,23.233808219178083
2015,OHH1,-83.664387,39.85542,43200.11939726028,1432.24,319.8607397260274,16.345534246575344,5.170301369863013,1078.294109589041,19.814273972602738
2015,ONH1,-80.448907,43.497347,43200.13690410959,796.07,312.5464657534247,12.450328767123288,1.8122191780821917,847.0055890410958,23.61172602739726
2015,ONH2,-81.880906,42.454331,43200.131643835615,781.68,303.14183561643836,13.468657534246574,4.412931506849315,1020.2598356164384,9.531205479452055
2015,SDH1,-102.92972,44.20888,43200.14054794521,416.42,317.69063013698633,16.581013698630137,2.076821917808219,750.6986575342465,2.4225753424657537
2015,TXH1,-96.43468,30.546769,43200.083671232875,1583.79,345.17575342465756,26.554246575342464,14.180164383561644,1697.5767397260274,0
2015,WIH1,-89.52875,43.054433,43200.13454794521,1189.6,304.4946575342466,13.900410958904109,2.757753424657534,934.7577534246575,7.494849315068493
2015,WIH2,-89.334397,43.326656,43200.136191780824,1053.46,301.01082191780824,13.968520547945205,2.466986301369863,907.5790136986301,3.0396712328767124
2016,ARH1,-90.759742,34.729884,43200.09890410959,1434.72,325.06934246575344,23.148109589041095,12.172739726027398,1630.9252876712328,0.059671232876712325
2016,ARH2,-90.665006,35.838816,43200.10309589041,1422.1,321.7381917808219,22.32427397260274,10.984219178082192,1532.9581643835616,0.01772602739726027
2016,DEH1,-75.45159,38.64865,43200.114575342464,1424.74,308.79320547945207,19.741753424657535,9.320493150684932,1374.4387671232876,0.9383835616438356
2016,GAH1,-83.559182,31.50822,43200.08701369863,1352,347.793698630137,26.02958904109589,13.178301369863014,1677.9368219178082,0
2016,GAH2,-83.31141,33.71736,43200.09484931507,858.36,345.85657534246576,25.05986301369863,11.44731506849315,1488.5064383561644,0
2016,IAH1,-91.486205,41.198693,43200.12602739726,948.38,303.82953424657535,16.95117808219178,5.808876712328767,1118.1383835616439,0.45016438356164384
2016,IAH2,-94.7274477,42.06591034,43200.13010958904,925.02,306.99120547945205,15.887068493150686,4.358465753424658,1031.5506575342465,3.858986301369863
2016,IAH3,-92.2601563,41.987383,43200.12978082192,990.21,300.8733698630137,15.751808219178082,4.584794520547945,1035.9966301369864,0.2640547945205479
2016,IAH4,-93.69989887,41.99750188,43200.129643835615,1052.11,301.26320547945204,16.248520547945205,4.941041095890411,1069.2115342465754,0.2778082191780822
2016,ILH1,-88.233272,40.061188,43200.12084931507,1022.67,308.0797808219178,17.799260273972603,6.9507671232876715,1197.5949589041095,0.34893150684931507
2016,INH1,-86.990135,40.478351,43200.12249315069,976.37,303.12498630136986,17.061095890410957,6.279260273972603,1155.8503835616439,0.7875068493150685
2016,KSH1,-96.629383,39.14409,43200.11671232877,1002.9499999999999,319.4946575342466,20.90186301369863,7.6396712328767125,1223.0170684931506,0.0918904109589041
2016,MIH1,-84.295393,42.411797,43200.131643835615,958.37,301.1348493150685,15.59668493150685,4.598191780821918,1003.0037260273973,1.9708493150684931
2016,MNH1,-93.534178,44.066160000000004,43200.14005479452,1332.76,284.1812876712329,14.163506849315068,3.669068493150685,996.776,3.756657534246575
2016,MOH1,-92.20754,38.89497,43200.115561643834,935.09,318.98816438356164,19.529424657534246,8.447150684931508,1269.9631506849314,0.46884931506849314
2016,NCH1,-77.570669,35.30049,43200.10109589041,1725.37,319.59942465753426,23.26608219178082,11.53,1561.8400547945205,0
2016,NYH2,-76.6551,42.725428,43200.13328767123,925.6,302.9874520547945,14.961616438356165,3.8863013698630136,918.467095890411,12.391232876712328
2016,OHH1,-83.675203,39.860557,43200.11939726028,1177.42,309.47734246575345,17.459561643835617,6.210958904109589,1144.7298356164383,7.894219178082192
2016,ONH1,-80.451969,43.499678,43200.13690410959,907.9,300.06161643835617,13.748547945205479,3.190739726027397,897.6821095890411,8.812356164383562
2016,ONH2,-81.883455,42.452749,43200.131643835615,803.54,291.6347397260274,14.853068493150685,5.832767123287671,1095.0855616438357,0.23142465753424657
2016,TXH1,-96.43468,30.546769,43200.083671232875,1360.21,344.62046575342464,27.46958904109589,14.638082191780821,1848.5494794520548,0
2016,WIH1,-89.531689,43.056867,43200.13454794521,1225.47,293.1526849315068,14.390794520547946,3.9552876712328766,1009.560904109589,4.0819178082191785
2016,WIH2,-89.340156,43.326953,43200.136191780824,1119.65,289.8044109589041,14.527452054794521,3.582219178082192,980.4292876712328,3.9008219178082193
2017,ARH1,-90.759769,34.729874,43200.09890410959,1568.76,324.0258082191781,23.048027397260274,12.111780821917808,1590.4440821917808,0
2017,ARH2,-90.07489,35.674718,43200.102410958905,1342.91,321.03613698630136,22.388109589041097,11.234767123287671,1516.2214520547946,0
2017,COH1,-105.000257,40.647855,43200.12347945206,429.92,353.4517260273973,18.655506849315067,2.6214520547945206,685.8416164383561,1.6816712328767123
2017,DEH1,-75.433932,38.669557,43200.114575342464,1129.97,312.72791780821916,19.821561643835615,9.588712328767123,1383.4516164383563,1.4688219178082191
2017,GAH1,-83.559239,31.508253,43200.08701369863,1246.52,345.2587123287671,26.064082191780823,13.563342465753424,1693.9630684931508,0
2017,GAH2,-83.297769,33.726862,43200.09484931507,1517.23,336.93347945205477,24.273671232876712,11.672630136986301,1520.9855890410959,0
2017,IAH1,-91.49516276,41.19942883,43200.12602739726,833.05,305.35813698630136,16.932849315068495,4.849643835616439,1032.236493150685,1.0748219178082192
2017,IAH2,-94.72074524,42.06455508,43200.13010958904,863.34,300.2081095890411,15.738602739726028,3.893972602739726,989.3483835616438,1.844904109589041
2017,IAH3,-92.24144143,41.97575167,43200.12978082192,741.09,304.8940273972603,15.61731506849315,3.643835616438356,961.3738630136986,1.6432876712328768
2017,IAH4,-93.68863495,41.99439403,43200.12978082192,886.62,304.1621369863014,16.111835616438356,4.359068493150685,1018.7988219178083,1.2496164383561643
2017,MIH1,-84.494063,42.681899,43200.13328767123,1025.32,298.5903835616438,15.141260273972602,4.330493150684932,983.9254246575342,4.137397260273973
2017,MOH1,-92.20483,38.89238,43200.115561643834,907.85,318.63887671232874,19.65013698630137,8.123123287671232,1227.6350410958903,0.10682191780821917
2017,NCH1,-77.567222,35.296066,43200.10095890411,1099.38,324.9566301369863,23.70972602739726,11.690328767123289,1559.8907123287672,0
2017,NEH3,-96.409,41.162,43200.12569863014,888.59,306.920301369863,17.643534246575342,5.361671232876712,1058.3427397260275,0.6079452054794521
2017,NEH4,-96.409,41.162,43200.12569863014,888.59,306.920301369863,17.643534246575342,5.361671232876712,1058.3427397260275,0.6079452054794521
2017,NYH1,-76.6524,42.7286167,43200.13328767123,1218.03,292.5142739726027,14.047616438356165,3.9872876712328766,961.0298904109588,2.4635068493150687
2017,NYH2,-76.653267,42.732186,43200.13328767123,1218.03,292.5142739726027,14.047616438356165,3.9872876712328766,961.0298904109588,2.4635068493150687
2017,NYH3,-76.653178,42.733064,43200.13328767123,1218.03,292.5142739726027,14.047616438356165,3.9872876712328766,961.0298904109588,2.4635068493150687
2017,OHH1,-83.664387,39.85542,43200.11939726028,1507.73,304.3932328767123,17.07854794520548,6.073506849315068,1098.0365205479452,0.18194520547945206
2017,ONH1,-80.426126,43.496036,43200.13690410959,1026.06,291.91668493150684,12.803095890410958,3.057917808219178,900.6444383561644,8.04076712328767
2017,ONH2,-81.883468,42.452733,43200.131643835615,851.77,294.3358904109589,14.429013698630136,5.188986301369863,1034.504109589041,2.507178082191781
2017,WIH1,-89.531052,43.057176,43200.13454794521,1116.33,297.9893698630137,14.031506849315068,3.2155342465753423,939.9147671232877,4.1756164383561645
2017,WIH2,-89.335756,43.324531,43200.136191780824,949.29,295.36556164383563,13.886931506849315,2.698794520547945,910.7211506849316,3.48386301369863
2018,ARH1,-90.760887,34.729169,43200.09890410959,1793.56,319.9883287671233,22.226,11.490438356164384,1589.3765205479451,0
2018,ARH2,-90.075296,35.673794,43200.102410958905,1731.29,318.304602739726,21.5827397260274,10.931698630136987,1558.4610410958903,1.5567671232876712
2018,DEH1,-75.450174,38.649088,43200.114575342464,1616.88,303.8967397260274,19.47295890410959,9.666219178082192,1433.9695342465754,1.0818082191780822
2018,GAH1,-83.55493,31.506548,43200.08701369863,1616.72,338.17501369863015,25.512054794520548,13.379643835616438,1720.462602739726,0
2018,GAH2,-83.309224,33.714938,43200.09484931507,1536.16,333.46843835616437,23.81646575342466,11.42531506849315,1538.6757260273973,0.004328767123287671
2018,IAH1,-91.486184,41.198704,43200.12602739726,1110.14,308.3952602739726,15.469095890410959,4.020739726027397,1060.80701369863,4.934027397260274
2018,IAH2,-94.727418,42.06593,43200.13010958904,1225.74,300.9918082191781,13.949479452054794,2.81572602739726,1001.3575342465754,4.278958904109589
2018,IAH3,-92.260145,41.98745,43200.12978082192,1228.95,305.3168767123288,14.16241095890411,2.889835616438356,990.9623287671233,8.792986301369863
2018,IAH4,-93.696248,41.997745,43200.129643835615,1378.76,300.90361643835615,14.403534246575342,3.397780821917808,1025.1570136986302,2.4286301369863015
2018,ILH1,-88.228307,40.063426,43200.12084931507,1263.62,315.39134246575344,16.75972602739726,5.733506849315068,1164.2995342465754,3.7005479452054795
2018,INH1,-86.990129,40.478359,43200.12249315069,1174.67,303.78172602739727,16.04150684931507,5.16613698630137,1118.3976438356165,1.2948219178082192
2018,KSH1,-100.775703,37.810416,43200.11101369863,645.77,348.3442191780822,20.97641095890411,4.5063287671232874,900.9350684931507,0.008767123287671232
2018,MIH1,-84.497841,42.68848,43200.13328767123,943.71,293.78605479452057,14.114630136986301,4.0688219178082194,1004.9249041095891,2.227232876712329
2018,MNH1,-93.53380207,44.06980718,43200.14005479452,1121.17,287.490602739726,11.59013698630137,1.4716986301369863,944.3807671232877,4.492876712328767
2018,MOH1,-92.209583,38.896725000000004,43200.115561643834,997.49,317.82189041095893,18.49964383561644,7.361178082191781,1269.77,3.294082191780822
2018,NCH1,-78.493005,35.666642,43200.102410958905,1529.27,321.2934520547945,22.096383561643837,10.375890410958904,1489.2139452054794,0.08413698630136987
2018,NEH2,-96.560109,41.379819,43200.12682191781,992.16,305.4604383561644,15.151232876712328,3.746739726027397,1028.3185753424657,1.2987945205479452
2018,NYH1,-76.65245,42.7292,43200.13328767123,1068.19,289.6547123287671,13.432191780821919,3.7613972602739727,979.0507945205479,3.436027397260274
2018,NYH2,-76.655072,42.725427,43200.13328767123,1063.63,289.443095890411,13.500219178082192,3.8432602739726027,983.3187123287671,3.1013972602739726
2018,NYH3,-76.655467,42.725529,43200.13328767123,1063.63,289.443095890411,13.500219178082192,3.8432602739726027,983.3187123287671,3.1013972602739726
2018,OHH1,-83.670361,39.856653,43200.11939726028,1492.8,300.2372328767123,16.20309589041096,5.927232876712329,1151.4052328767123,0.7986027397260274
2018,SCH1,-82.73703,34.622082,43200.09821917808,1693.33,322.85454794520547,22.402136986301368,10.893671232876713,1509.8685753424656,0.004191780821917808
2018,TXH1-Dry,-96.434713,30.546732,43200.083671232875,1365.81,347.7418630136986,26.507890410958904,13.72709589041096,1739.262109589041,0
2018,TXH1-Early,-96.434713,30.546732,43200.083671232875,1365.81,347.7418630136986,26.507890410958904,13.72709589041096,1739.262109589041,0
2018,TXH1-Late,-96.434713,30.546732,43200.083671232875,1365.81,347.7418630136986,26.507890410958904,13.72709589041096,1739.262109589041,0
2018,WIH1,-89.5311,43.0554,43200.13454794521,1642.6,301.1312328767123,13.020657534246576,2.643041095890411,957.5224383561643,9.575671232876712
2018,WIH2,-89.3852,43.4049,43200.136712328764,1264.69,294.5295616438356,13.085917808219179,2.41772602739726,946.7396712328767,7.4487945205479456
2019,DEH1,-75.4341,38.6698,43200.114575342464,1074.18,309.7321917808219,20.005041095890412,9.62331506849315,1400.8182739726028,0.06772602739726027
2019,GAH1,-83.55493,31.506548,43200.08701369863,1089.93,348.07161643835616,26.334,13.348465753424657,1676.923808219178,0
2019,GAH2,-83.307778,33.721111,43200.09484931507,982.84,344.2229315068493,24.656712328767124,11.858109589041096,1527.5358356164384,0
2019,GEH1,9.937345,51.501631,NA,NA,NA,NA,NA,NA,NA
2019,IAH1,-91.49519078,41.1994375,43200.12602739726,1143.45,305.6531506849315,15.035068493150685,3.99813698630137,1052.2240821917808,9.722821917808218
2019,IAH2,-94.72084876,42.06453313,43200.13010958904,1069.32,302.16613698630135,13.708219178082192,2.416958904109589,969.6169315068494,8.690246575342465
2019,IAH3,-92.24135954,41.97579183,43200.12978082192,1188.49,304.0188493150685,13.56958904109589,2.4568219178082193,961.7291232876712,12.155397260273972
2019,IAH4,-93.79508048,42.03217123,43200.129643835615,1148.83,304.3714794520548,13.809835616438356,2.5798082191780822,969.8387123287671,9.593150684931507
2019,ILH1,-88.229125,40.059138,43200.12084931507,1030.52,317.0145205479452,16.41284931506849,5.549561643835617,1123.363616438356,4.9271232876712325
2019,INH1,-87.000529,40.476661,43200.12249315069,1032.24,308.5641369863014,15.915808219178082,5.028164383561644,1081.8347671232877,5.233068493150685
2019,MIH1,-84.471602,42.707672,43200.13328767123,1060.1,295.9169863013699,13.826493150684932,3.56972602739726,967.3597808219179,7.192
2019,MNH1,-93.523748,44.066148,43200.14005479452,1314.3,292.8235342465753,11.002054794520548,0.9885479452054795,908.3375068493151,20.829095890410958
2019,MOH1,-92.20918,38.89504,43200.115561643834,1252.93,312.24476712328766,17.96271232876712,7.3192876712328765,1256.8391232876713,2.7843013698630137
2019,NCH1,-78.510089,35.669668,43200.102410958905,1293.4,328.3212602739726,22.630712328767125,10.638767123287671,1469.9206575342466,0.140986301369863
2019,NEH1,-96.6159,40.8604,43200.1244109589,972.12,316.0646301369863,16.065424657534248,4.266904109589041,1075.1126301369864,9.719178082191782
2019,NYH1,-76.65245,42.7286833,43200.13328767123,1091.12,300.8234794520548,13.224986301369864,2.9235890410958905,911.2797808219178,14.108712328767123
2019,NYH2,-76.6520512,42.7326631,43200.13328767123,1091.12,300.8234794520548,13.224986301369864,2.9235890410958905,911.2797808219178,14.108712328767123
2019,NYH3,-76.6530185,42.732626,43200.13328767123,1091.12,300.8234794520548,13.224986301369864,2.9235890410958905,911.2797808219178,14.108712328767123
2019,OHH1,-83.670359,39.856629,43200.11939726028,1190.66,307.1993698630137,16.71427397260274,5.7246575342465755,1110.8565753424657,3.690109589041096
2019,ONH2,-81.882542,42.452053,43200.131643835615,937.33,293.22230136986303,13.422328767123288,4.753945205479452,1038.325287671233,3.675835616438356
2019,SCH1,-82.737411,34.622112,43200.09821917808,1187.44,333.8537260273973,23.418657534246574,11.158657534246576,1480.536794520548,0
2019,TXH1,-96.434713,30.546732,43200.083671232875,1083.54,352.61016438356165,26.857397260273974,13.566602739726028,1737.2023835616437,0
2019,TXH2,-96.434713,30.546732,43200.083671232875,1083.54,352.61016438356165,26.857397260273974,13.566602739726028,1737.2023835616437,0
2019,TXH3,-96.434713,30.546732,43200.083671232875,1083.54,352.61016438356165,26.857397260273974,13.566602739726028,1737.2023835616437,0
2019,WIH1,-89.530362,43.057183,43200.13454794521,1266.58,303.59054794520546,12.624712328767123,2.1268767123287673,923.8023561643836,22.056
2019,WIH2,-89.332787,43.32034,43200.136191780824,1228.24,299.20317808219176,12.357178082191782,1.8346301369863014,905.2278904109589,23.49
2020,DEH1,-75.466066,38.630059,43200.114575342464,1591.62,301.73967123287673,20.025616438356163,10.206602739726028,1427.349589041096,0
2020,GAH1,-83.559249,31.508254,43200.08701369863,1374.7,345.2533698630137,25.914246575342467,13.750657534246574,1733.9809315068494,0
2020,GAH2,-83.303353,33.723144,43200.09484931507,1581.83,338.0888767123288,23.8433698630137,11.676301369863014,1530.1219726027398,0
2020,GEH1,9.923347,51.494772,NA,NA,NA,NA,NA,NA,NA
2020,IAH1,-91.48738002,41.19863411,43200.12602739726,919.62,309.6364109589041,16.031917808219177,4.86813698630137,1045.761315068493,4.911917808219179
2020,INH1,-86.990133,40.478355,43200.12249315069,902.88,305.61953424657537,16.843424657534246,5.76068493150685,1080.810383561644,1.350109589041096
2020,MIH1,-84.46955,42.708226,43200.13328767123,936.78,299.2315890410959,15.071917808219178,4.437232876712328,981.6365205479452,1.8547671232876712
2020,MNH1,-93.53302313,44.06857957,43200.14005479452,914.9,296.4371506849315,13.105835616438355,2.2395068493150685,931.9661917808219,9.030602739726028
2020,MOH1,-92.207135,38.89676,43200.115561643834,1234,313.955095890411,18.464082191780822,7.655068493150685,1239.2403287671232,1.4721369863013698
2020,NCH1,-77.57024056,35.30019852,43200.10109589041,1575.53,320.8830136986301,23.07668493150685,11.678109589041096,1551.3090684931508,0
2020,NEH1,-96.61667,40.85194,43200.1244109589,625.76,319.57008219178084,17.72476712328767,4.711945205479452,1023.6793150684931,2.026986301369863
2020,NYH2,-76.649715,42.731967,43200.13328767123,921.45,293.7119452054795,14.647013698630136,4.336684931506849,980.5184383561644,0.9842465753424657
2020,NYH3,-76.651002,42.731936,43200.13328767123,921.45,293.7119452054795,14.647013698630136,4.336684931506849,980.5184383561644,0.9842465753424657
2020,NYS1,-76.651739,42.73192,43200.13328767123,921.45,293.7119452054795,14.647013698630136,4.336684931506849,980.5184383561644,0.9842465753424657
2020,OHH1,-83.673847,39.856658,43200.11939726028,1150.12,301.7952328767123,16.865342465753425,6.1346849315068495,1098.772383561644,0.4283835616438356
2020,SCH1,-82.737416,34.621912,43200.09821917808,1852.09,328.2946301369863,22.514767123287672,11.068328767123287,1486.5206301369863,0
2020,TXH1,-96.428085,30.537182,43200.083671232875,910.98,346.3258082191781,27.273424657534246,14.501726027397261,1836.809506849315,0
2020,TXH2,-96.427673,30.537623,43200.083671232875,910.98,346.3258082191781,27.273424657534246,14.501726027397261,1836.809506849315,0
2020,TXH3,-96.427156,30.538091,43200.083671232875,910.98,346.3258082191781,27.273424657534246,14.501726027397261,1836.809506849315,0
2020,WIH1,-89.528261,43.0568242,43200.13454794521,1016.38,304.5530410958904,14.133808219178082,3.0651506849315067,934.8984657534246,8.050109589041096
2020,WIH2,-89.384175,43.294275,43200.13594520548,1044.23,299.44731506849314,14.071479452054795,2.943041095890411,929.6333150684932,5.598904109589041
2020,WIH3,-89.545233,44.115206,43200.14005479452,915.5600000000001,294.42920547945204,13.196219178082192,2.2115068493150685,893.9504657534246,6.386821917808219
2021,COH1,-104.9957,40.6476,43200.12347945206,313.18,362.302602739726,18.5413698630137,2.4138082191780823,596.3949315068493,1.9044657534246576
2021,DEH1,-75.458,38.635,43200.114575342464,1231.15,307.4604383561644,19.968438356164384,9.969780821917809,1415.3046301369864,0
2021,GAH1,-83.559249,31.508254,43200.08701369863,1556.14,341.7287945205479,25.326465753424657,12.953041095890411,1645.9171780821919,0
2021,GAH2,-83.3100044,33.7147791,43200.09484931507,1590.78,342.876602739726,23.886246575342465,11.127260273972603,1477.5709863013699,0
2021,GEH1,9.926148,51.470534,NA,NA,NA,NA,NA,NA,NA
2021,IAH1,-91.4951509,41.19959334,43200.12602739726,961.24,308.5035342465753,16.378575342465755,5.369616438356164,1119.1459452054794,4.386602739726027
2021,IAH2,-94.7211393,42.06455628,43200.13010958904,732.59,307.7959178082192,16.130328767123288,3.828712328767123,993.336,2.8118356164383562
2021,IAH3,-92.2413595,41.97559974,43200.12978082192,771.91,309.663397260274,15.565698630136986,3.8381643835616437,1006.3887123287672,6.772876712328768
2021,IAH4,-93.695864,41.99856485,43200.129643835615,771.48,309.5684657534247,16.32358904109589,4.310136986301369,1008.5887397260274,2.48586301369863
2021,INH1,-86.998063,40.476658,43200.12249315069,1151.1,308.0304383561644,17.102849315068493,6.161506849315068,1149.849917808219,3.388164383561644
2021,MIH1,-84.469519,42.707408,43200.13328767123,991.93,299.58515068493153,15.674383561643836,4.84213698630137,1025.7824383561644,3.37986301369863
2021,MNH1,-93.533411,44.070958,43200.14005479452,636.23,298.30246575342466,14.035123287671233,2.950876712328767,919.8036164383561,2.0627945205479454
2021,NCH1,-77.17707758,36.12860022,43200.104410958906,1337.96,325.19531506849313,22.337890410958906,10.276109589041097,1425.6221643835615,0
2021,NEH1,-96.59643669,40.86124999,43200.1244109589,833.94,319.80550684931507,18.38276712328767,5.422191780821918,1111.5521643835616,5.319123287671233
2021,NEH2,-100.7493277,41.0538996,43200.125232876715,596.66,336.0908493150685,18.135753424657533,2.8721369863013697,897.8421369863014,2.944986301369863
2021,NEH3,-100.7800172,41.0899758,43200.125232876715,568.47,335.8167123287671,18.726712328767125,3.0913150684931505,906.6170410958904,2.383068493150685
2021,NYH2,-76.65655,42.732955,43200.13328767123,1211.56,294.5298904109589,14.651287671232877,4.9147123287671235,1029.0982191780822,7.931479452054795
2021,NYH3,-76.655673,42.733032,43200.13328767123,1211.56,294.5298904109589,14.651287671232877,4.9147123287671235,1029.0982191780822,7.931479452054795
2021,NYS1,-76.65443,42.73384,43200.13328767123,1211.56,294.5298904109589,14.651287671232877,4.9147123287671235,1029.0982191780822,7.931479452054795
2021,SCH1,-82.737131,34.622998,43200.09821917808,1398.1200000000001,331.9775890410959,22.52117808219178,10.513780821917809,1432.479397260274,0
2021,TXH1,-96.42757069,30.53774915,43200.083671232875,987.65,345.2775616438356,26.532164383561643,14.849753424657534,1869.5019726027397,0.832054794520548
2021,TXH2,-96.42813145,30.53724828,43200.083671232875,987.65,345.2775616438356,26.532164383561643,14.849753424657534,1869.5019726027397,0.832054794520548
2021,TXH3,-96.42708262,30.53820977,43200.083671232875,987.65,345.2775616438356,26.532164383561643,14.849753424657534,1869.5019726027397,0.832054794520548
2021,WIH1,-89.52965,43.05714,43200.13454794521,742.4,306.7904383561644,14.80082191780822,3.283013698630137,954.2438630136986,10.58468493150685
2021,WIH2,-89.332737,43.319604,43200.13594520548,659.04,302.26082191780824,14.634082191780822,3.0561095890410956,932.7987671232877,7.197698630136986
2021,WIH3,-89.5431,44.11493,43200.14005479452,869.07,298.01745205479455,13.84213698630137,2.358191780821918,896.722,5.4089041095890416
2022,COH1,-104.995348,40.653144,43200.12347945206,292.09,366.74139726027397,18.38254794520548,1.4173424657534246,575.6882465753424,2.0708219178082192
2022,DEH1,-75.459,38.638,43200.114575342464,1134.31,311.4754794520548,19.70191780821918,9.15531506849315,1360.2775342465754,2.205315068493151
2022,GAH1,-83.55874,31.50634,43200.08701369863,1035.78,347.8361095890411,25.878301369863014,12.797534246575342,1642.6203835616438,0
2022,GAH2,-83.30523,33.726652,43200.09484931507,1280,340.4944383561644,23.888849315068494,11.349561643835617,1513.7002739726026,0
2022,GEH1,9.887905,51.513502,NA,NA,NA,NA,NA,NA,NA
2022,IAH1,-91.48696744,41.19862525,43200.12602739726,704.45,307.0512876712329,15.812657534246576,3.6162191780821917,1030.7471780821918,2.5587397260273974
2022,IAH2,-94.72927302,42.06620464,43200.13010958904,695.13,304.2509315068493,15.113095890410959,1.7321369863013698,931.8306849315069,1.9438630136986301
2022,IAH3,-92.25977761,41.98804458,43200.12978082192,818.16,305.4254246575342,14.618301369863014,2.055205479452055,948.3566575342466,3.9615342465753423
2022,IAH4,-93.68862568,41.994476,43200.12978082192,977.87,306.28591780821915,15.134027397260274,2.5372054794520547,984.9158630136986,2.0834794520547946
2022,ILH1,-88.232195,40.082185,43200.12084931507,881.59,318.34076712328766,16.809835616438356,5.059342465753425,1083.2736164383562,0.5043013698630137
2022,INH1,-87.003193,40.482132,43200.12249315069,881.49,310.15838356164386,16.36509589041096,4.74654794520548,1059.9207397260275,3.060931506849315
2022,MIH1,-84.469542,42.708211,43200.13328767123,791.89,297.3398082191781,14.699150684931507,3.8611780821917807,987.1503561643835,4.3301917808219175
2022,MNH1,-93.529888,44.069598,43200.14005479452,779.79,293.9887123287671,12.13654794520548,1.0556986301369864,914.7629589041096,12.14090410958904
2022,MOH2,-92.354136,38.928631,43200.115917808216,864.84,314.6376712328767,19.230849315068493,7.1037260273972604,1248.8828493150686,0.4318904109589041
2022,NCH1,-77.1799,36.13137,43200.104410958906,1154.63,328.02769863013697,22.409890410958905,10.15090410958904,1425.3935068493151,0
2022,NEH1,-96.59836,40.85936,43200.1244109589,528.27,321.7849863013699,18.426191780821917,3.6522465753424656,991.8519452054794,0.23194520547945205
2022,NEH2,-100.753058,41.049002,43200.125232876715,431.9,341.5949589041096,18.446520547945205,1.3552054794520547,772.2651232876713,0.9158904109589041
2022,NEH3,-100.77516,41.08885,43200.125232876715,417.67,342.47024657534246,18.84854794520548,1.5570684931506849,775.9696712328767,0.8474246575342466
2022,NYH2,-76.649862,42.73285,43200.13328767123,986.33,297.1631780821918,14.396794520547946,3.4402191780821916,958.1176164383562,7.790328767123287
2022,NYH3,-76.650565,42.732874,43200.13328767123,986.33,297.1631780821918,14.396794520547946,3.4402191780821916,958.1176164383562,7.790328767123287
2022,OHH1,-83.67373,39.8567,43200.11939726028,1080.8799999999999,310.0507945205479,16.624191780821917,5.440657534246576,1092.3441369863015,2.9465205479452057
2022,SCH1,-82.736852,34.622035,43200.09821917808,1156.85,336.084301369863,22.657698630136988,10.35350684931507,1408.2785479452054,0
2022,TXH1,-96.42769722,30.53759722,43200.083671232875,819.46,359.1438082191781,27.58,14.74750684931507,1667.457095890411,0
2022,TXH2,-96.42814552,30.5372,43200.083671232875,819.46,359.1438082191781,27.58,14.74750684931507,1667.457095890411,0
2022,TXH3,-96.42719167,30.53803333,43200.083671232875,819.46,359.1438082191781,27.58,14.74750684931507,1667.457095890411,0
2022,WIH1,-89.531286,43.058419,43200.13454794521,946.27,299.29435616438354,13.314164383561645,2.0874520547945203,922.9667123287671,4.63013698630137
2022,WIH2,-89.38669993,43.29417285,43200.13594520548,1003.85,292.8391232876712,13.160849315068493,1.8791780821917807,912.2503287671233,3.6708767123287673
2022,WIH3,-89.55738345,44.11927723,43200.14005479452,900.27,293.9153698630137,12.246493150684932,0.9612602739726027,857.9476712328767,9.825424657534246
2023,COH1,-104.9932,40.6516,43200.12347945206,527.26,351.51591780821917,17.72350684931507,2.1168493150684933,747.9033424657534,0.6564931506849315
2023,DEH1,-75.466,38.63,43200.114575342464,1276.78,312.624,20.468465753424656,9.946520547945205,1377.6477260273973,0
2023,GAH1,-83.55918,31.50821,43200.08701369863,1204.77,348.759698630137,26.053068493150686,13.31495890410959,1672.6811232876712,0
2023,GAH2,-83.3040667,33.72444,43200.09484931507,1722.41,338.5655616438356,24.22723287671233,11.712575342465753,1512.4468219178082,0
2023,IAH1,-91.49516708,41.20031813,43200.12602739726,721.46,306.3043835616438,17.3533698630137,5.286821917808219,1031.613205479452,0.1358904109589041
2023,IAH2,-94.72070638,42.06455642,43200.13010958904,674.83,311.000301369863,16.334575342465754,3.6968493150684933,959.8143835616438,2.589808219178082
2023,IAH3,-92.24135405,41.97586506,43200.12978082192,657.82,311.00131506849317,16.537232876712327,3.9224931506849314,958.7030410958904,2.8758356164383563
2023,IAH4,-93.69585322,41.99857224,43200.129643835615,856.96,311.9673150684932,16.70205479452055,4.331205479452055,1020.7252876712329,3.144876712328767
2023,ILH1,-88.226963,40.087369,43200.12084931507,822.83,317.3914794520548,18.394328767123287,6.519150684931507,1084.273890410959,0
2023,INH1,-86.9987006,40.4766448,43200.12249315069,901.62,307.95465753424656,17.807534246575344,6.187260273972603,1074.308301369863,0.033534246575342465
2023,MIH1,-84.469508,42.707457,43200.13328767123,1046.39,292.43117808219176,15.481315068493151,4.973671232876712,985.0514246575342,0.26564383561643834
2023,MNH1,-93.53273125,44.06856754,43200.14005479452,813.33,296.6770410958904,14.092383561643835,3.0783287671232875,976.8590958904109,7.358493150684931
2023,MOH1,-92.20998995,38.89855297,43200.115561643834,818.26,317.56405479452053,20.199534246575343,8.287561643835616,1226.9579726027398,0
2023,MOH2,-92.35306354,38.92891073,43200.115917808216,679.39,316.88542465753426,20.65432876712329,8.631534246575342,1234.4324657534246,0.005972602739726027
2023,NCH1,-78.492989,35.667324,43200.102410958905,1217.09,329.51679452054793,22.94945205479452,10.531671232876713,1425.427315068493,0
2023,NEH1,-96.596201,40.8613,43200.1244109589,621.89,321.21983561643833,18.948931506849316,5.104630136986302,945.0268493150685,0.5628767123287671
2023,NEH3,-100.752334,41.056578,43200.125232876715,657.16,336.8073698630137,17.257835616438356,2.3455068493150684,851.897808219178,1.205068493150685
2023,NYH2,-76.6564892,42.732946,43200.13328767123,1044.25,286.48920547945204,14.81841095890411,4.997068493150685,999.9419726027397,0.2624931506849315
2023,NYH3,-76.6555248,42.7330187,43200.13328767123,1044.25,286.48920547945204,14.81841095890411,4.997068493150685,999.9419726027397,0.2624931506849315
2023,OHH1,-83.674355,39.855978,43200.11939726028,996.55,309.10353424657535,17.754712328767123,6.404794520547945,1093.1725753424657,0.03882191780821918
2023,SCH1,-82.7377,34.62238,43200.09821917808,1357.3,337.8526849315069,22.991397260273974,10.558054794520547,1418.6219452054795,0
2023,TXH1,-96.43237879,30.5494533,43200.083671232875,767.74,355.1583287671233,28.098,16.056520547945205,1771.2232876712328,0
2023,TXH2,-96.43264476,30.54967586,43200.083671232875,767.74,355.1583287671233,28.098,16.056520547945205,1771.2232876712328,0
2023,TXH3,-96.43191995,30.54905331,43200.083671232875,767.74,355.1583287671233,28.098,16.056520547945205,1771.2232876712328,0
2023,WIH1,-89.529618,43.05719875,43200.13454794521,848.38,302.84613698630136,15.09986301369863,3.9064383561643834,930.2272876712328,4.903013698630137
2023,WIH2,-89.38508,43.3045162,43200.13594520548,797.22,300.80989041095893,14.977232876712328,3.717095890410959,928.1470410958904,3.556739726027397
2023,WIH3,-89.544413,44.1150208,43200.14005479452,788.36,296.19879452054795,14.204684931506849,3.0074246575342465,903.3396712328768,5.703698630136986
2024,DEH1,-75.458917,38.637611,43200.114575342464,1030.83,312.8534520547945,20.19082191780822,9.826383561643835,1379.4529315068494,0.011863013698630137
2024,GAH1,-83.55664,31.50647,43200.08701369863,1427.5,345.83279452054796,26.03819178082192,13.489397260273973,1721.0769589041097,0
2024,GAH2,-83.3103,33.71494,43200.09484931507,1541.53,341.6692602739726,24.579123287671234,11.911424657534246,1552.2072602739727,0
2024,IAH2,-94.72868439,42.0662041,43200.13010958904,827.29,310.8847945205479,16.95386301369863,4.12627397260274,996.8772054794521,2.7135890410958905
2024,IAH4,-93.68863559,41.99454562,43200.12978082192,1031.71,302.73720547945203,17.35986301369863,4.880082191780822,1046.8261095890412,0.8156164383561644
2024,ILH1,-88.228016,40.087371,43200.12084931507,1249.36,313.66594520547943,18.520575342465754,6.978547945205479,1178.169095890411,0.5177534246575343
2024,INH1,-87.0054179,40.4820918,43200.12249315069,996.06,306.6788219178082,18.173835616438357,6.610739726027397,1148.3029315068493,0.6158082191780822
2024,MIH1,-84.469584,42.7082,43200.13328767123,979.34,291.569698630137,16.172054794520548,5.49,1046.3511506849316,0.24424657534246574
2024,MNH1,-93.53236541,44.07099162,43200.14005479452,1104.53,287.2821095890411,14.719369863013698,3.892219178082192,989.6410136986301,1.8839726027397259
2024,MOH1,-92.20918642,38.89489082,43200.115561643834,1209.87,317.6248767123288,19.993616438356163,8.415890410958903,1301.3548219178083,1.3995342465753424
2024,NCH1,-78.5126415,35.6683951,43200.102410958905,1217.99,329.48616438356163,23.17235616438356,10.428739726027397,1445.2254520547945,0
2024,NEH1,-96.600985,40.862184,43200.1244109589,724.42,319.08857534246573,19.45794520547945,5.564575342465753,1057.5097808219177,0.7414794520547945
2024,NEH2,-100.748889,41.049444,43200.125232876715,667.55,328.6059178082192,18.836301369863016,3.135972602739726,905.722602739726,0.6376986301369862
2024,NEH3,-100.777778,41.086667,43200.125232876715,580.72,331.4688767123288,19.168219178082193,3.2881369863013696,902.4028767123287,0.2842465753424658
2024,NYH2,-76.6498408,42.7328128,43200.13328767123,962.1,286.1266301369863,15.035123287671233,5.044438356164384,1017.3308767123287,0.6697260273972603
2024,NYH3,-76.6507702,42.7327893,43200.13328767123,962.1,286.1266301369863,15.035123287671233,5.044438356164384,1017.3308767123287,0.6697260273972603
2024,OHH1,-81.846223,40.779902,43200.12383561644,960.1,304.0998904109589,17.47367123287671,6.463397260273973,1121.0689589041096,0.09780821917808219
2024,ONH3,-75.71289573,45.38412322,43200.14723287671,985.13,284.5398356164384,13.672849315068493,3.254109589041096,938.6635616438356,10.344986301369863
2024,SCH1,-82.737051,34.621986,43200.09821917808,1440.47,336.9221095890411,23.365972602739728,10.987260273972602,1484.233397260274,0.005178082191780822
2024,TXH1,-96.42847712,30.54241313,43200.083671232875,1247.71,345.4905205479452,27.953369863013698,16.208547945205478,1975.1558630136985,0
2024,WIH1,-89.5312806,43.0595087,43200.13454794521,1294.41,297.32857534246574,15.76035616438356,4.311342465753425,997.2565753424658,0.7853972602739726
2024,WIH2,-89.3871313,43.2942177,43200.13594520548,1235.05,295.10353424657535,15.661808219178083,4.099397260273973,983.6373698630138,1.0681369863013699
2024,WIH3,-89.5479516,44.1155322,43200.14005479452,1093.75,288.88493150684934,14.874109589041096,3.449232876712329,932.6522191780822,0.8535616438356164
