dataset,removed_column
training_model_monthly_weather,mean_dayl_s_Jan
training_model_monthly_weather,mean_srad_w_m_2_Jan
training_model_monthly_weather,mean_tmax_deg_c_Jan
training_model_monthly_weather,mean_tmin_deg_c_Jan
training_model_monthly_weather,mean_vp_pa_Jan
training_model_monthly_weather,sum_prcp_mm_day_Jan
training_model_monthly_weather,sum_swe_kg_m_2_Jan
training_model_monthly_weather,mean_dayl_s_Feb
training_model_monthly_weather,mean_srad_w_m_2_Feb
training_model_monthly_weather,mean_tmax_deg_c_Feb
training_model_monthly_weather,mean_tmin_deg_c_Feb
training_model_monthly_weather,mean_vp_pa_Feb
training_model_monthly_weather,sum_prcp_mm_day_Feb
training_model_monthly_weather,sum_swe_kg_m_2_Feb
training_model_monthly_weather,mean_dayl_s_Mar
training_model_monthly_weather,mean_srad_w_m_2_Mar
training_model_monthly_weather,mean_tmax_deg_c_Mar
training_model_monthly_weather,mean_tmin_deg_c_Mar
training_model_monthly_weather,mean_vp_pa_Mar
training_model_monthly_weather,sum_prcp_mm_day_Mar
training_model_monthly_weather,sum_swe_kg_m_2_Mar
training_model_monthly_weather,mean_dayl_s_Apr
training_model_monthly_weather,mean_srad_w_m_2_Apr
training_model_monthly_weather,mean_tmax_deg_c_Apr
training_model_monthly_weather,mean_tmin_deg_c_Apr
training_model_monthly_weather,mean_vp_pa_Apr
training_model_monthly_weather,sum_prcp_mm_day_Apr
training_model_monthly_weather,sum_swe_kg_m_2_Apr
training_model_monthly_weather,mean_dayl_s_May
training_model_monthly_weather,mean_srad_w_m_2_May
training_model_monthly_weather,mean_tmax_deg_c_May
training_model_monthly_weather,mean_tmin_deg_c_May
training_model_monthly_weather,mean_vp_pa_May
training_model_monthly_weather,sum_prcp_mm_day_May
training_model_monthly_weather,sum_swe_kg_m_2_May
training_model_monthly_weather,mean_dayl_s_Jun
training_model_monthly_weather,mean_srad_w_m_2_Jun
training_model_monthly_weather,mean_tmax_deg_c_Jun
training_model_monthly_weather,mean_tmin_deg_c_Jun
training_model_monthly_weather,mean_vp_pa_Jun
training_model_monthly_weather,sum_prcp_mm_day_Jun
training_model_monthly_weather,sum_swe_kg_m_2_Jun
training_model_monthly_weather,mean_dayl_s_Jul
training_model_monthly_weather,mean_srad_w_m_2_Jul
training_model_monthly_weather,mean_tmax_deg_c_Jul
training_model_monthly_weather,mean_tmin_deg_c_Jul
training_model_monthly_weather,mean_vp_pa_Jul
training_model_monthly_weather,sum_prcp_mm_day_Jul
training_model_monthly_weather,sum_swe_kg_m_2_Jul
training_model_monthly_weather,mean_dayl_s_Aug
training_model_monthly_weather,mean_srad_w_m_2_Aug
training_model_monthly_weather,mean_tmax_deg_c_Aug
training_model_monthly_weather,mean_tmin_deg_c_Aug
training_model_monthly_weather,mean_vp_pa_Aug
training_model_monthly_weather,sum_prcp_mm_day_Aug
training_model_monthly_weather,sum_swe_kg_m_2_Aug
training_model_monthly_weather,mean_dayl_s_Sep
training_model_monthly_weather,mean_srad_w_m_2_Sep
training_model_monthly_weather,mean_tmax_deg_c_Sep
training_model_monthly_weather,mean_tmin_deg_c_Sep
training_model_monthly_weather,mean_vp_pa_Sep
training_model_monthly_weather,sum_prcp_mm_day_Sep
training_model_monthly_weather,sum_swe_kg_m_2_Sep
training_model_monthly_weather,mean_dayl_s_Oct
training_model_monthly_weather,mean_srad_w_m_2_Oct
training_model_monthly_weather,mean_tmax_deg_c_Oct
training_model_monthly_weather,mean_tmin_deg_c_Oct
training_model_monthly_weather,mean_vp_pa_Oct
training_model_monthly_weather,sum_prcp_mm_day_Oct
training_model_monthly_weather,sum_swe_kg_m_2_Oct
training_model_monthly_weather,mean_dayl_s_Nov
training_model_monthly_weather,mean_srad_w_m_2_Nov
training_model_monthly_weather,mean_tmax_deg_c_Nov
training_model_monthly_weather,mean_tmin_deg_c_Nov
training_model_monthly_weather,mean_vp_pa_Nov
training_model_monthly_weather,sum_prcp_mm_day_Nov
training_model_monthly_weather,sum_swe_kg_m_2_Nov
training_model_monthly_weather,mean_dayl_s_Dec
training_model_monthly_weather,mean_srad_w_m_2_Dec
training_model_monthly_weather,mean_tmax_deg_c_Dec
training_model_monthly_weather,mean_tmin_deg_c_Dec
training_model_monthly_weather,mean_vp_pa_Dec
training_model_monthly_weather,sum_prcp_mm_day_Dec
training_model_monthly_weather,sum_swe_kg_m_2_Dec
training_model_monthly_weather,mean_dayl_s_NA
training_model_monthly_weather,mean_srad_w_m_2_NA
training_model_monthly_weather,mean_tmax_deg_c_NA
training_model_monthly_weather,mean_tmin_deg_c_NA
training_model_monthly_weather,mean_vp_pa_NA
training_model_monthly_weather,sum_prcp_mm_day_NA
training_model_monthly_weather,sum_swe_kg_m_2_NA
testing_model_monthly_weather,yield_mg_ha
testing_model_monthly_weather,mean_dayl_s_Jan
testing_model_monthly_weather,mean_srad_w_m_2_Jan
testing_model_monthly_weather,mean_tmax_deg_c_Jan
testing_model_monthly_weather,mean_tmin_deg_c_Jan
testing_model_monthly_weather,mean_vp_pa_Jan
testing_model_monthly_weather,sum_prcp_mm_day_Jan
testing_model_monthly_weather,sum_swe_kg_m_2_Jan
testing_model_monthly_weather,mean_dayl_s_Feb
testing_model_monthly_weather,mean_srad_w_m_2_Feb
testing_model_monthly_weather,mean_tmax_deg_c_Feb
testing_model_monthly_weather,mean_tmin_deg_c_Feb
testing_model_monthly_weather,mean_vp_pa_Feb
testing_model_monthly_weather,sum_prcp_mm_day_Feb
testing_model_monthly_weather,sum_swe_kg_m_2_Feb
testing_model_monthly_weather,mean_dayl_s_Mar
testing_model_monthly_weather,mean_srad_w_m_2_Mar
testing_model_monthly_weather,mean_tmax_deg_c_Mar
testing_model_monthly_weather,mean_tmin_deg_c_Mar
testing_model_monthly_weather,mean_vp_pa_Mar
testing_model_monthly_weather,sum_prcp_mm_day_Mar
testing_model_monthly_weather,sum_swe_kg_m_2_Mar
testing_model_monthly_weather,mean_dayl_s_Apr
testing_model_monthly_weather,mean_srad_w_m_2_Apr
testing_model_monthly_weather,mean_tmax_deg_c_Apr
testing_model_monthly_weather,mean_tmin_deg_c_Apr
testing_model_monthly_weather,mean_vp_pa_Apr
testing_model_monthly_weather,sum_prcp_mm_day_Apr
testing_model_monthly_weather,sum_swe_kg_m_2_Apr
testing_model_monthly_weather,mean_dayl_s_May
testing_model_monthly_weather,mean_srad_w_m_2_May
testing_model_monthly_weather,mean_tmax_deg_c_May
testing_model_monthly_weather,mean_tmin_deg_c_May
testing_model_monthly_weather,mean_vp_pa_May
testing_model_monthly_weather,sum_prcp_mm_day_May
testing_model_monthly_weather,sum_swe_kg_m_2_May
testing_model_monthly_weather,mean_dayl_s_Jun
testing_model_monthly_weather,mean_srad_w_m_2_Jun
testing_model_monthly_weather,mean_tmax_deg_c_Jun
testing_model_monthly_weather,mean_tmin_deg_c_Jun
testing_model_monthly_weather,mean_vp_pa_Jun
testing_model_monthly_weather,sum_prcp_mm_day_Jun
testing_model_monthly_weather,sum_swe_kg_m_2_Jun
testing_model_monthly_weather,mean_dayl_s_Jul
testing_model_monthly_weather,mean_srad_w_m_2_Jul
testing_model_monthly_weather,mean_tmax_deg_c_Jul
testing_model_monthly_weather,mean_tmin_deg_c_Jul
testing_model_monthly_weather,mean_vp_pa_Jul
testing_model_monthly_weather,sum_prcp_mm_day_Jul
testing_model_monthly_weather,sum_swe_kg_m_2_Jul
testing_model_monthly_weather,mean_dayl_s_Aug
testing_model_monthly_weather,mean_srad_w_m_2_Aug
testing_model_monthly_weather,mean_tmax_deg_c_Aug
testing_model_monthly_weather,mean_tmin_deg_c_Aug
testing_model_monthly_weather,mean_vp_pa_Aug
testing_model_monthly_weather,sum_prcp_mm_day_Aug
testing_model_monthly_weather,sum_swe_kg_m_2_Aug
testing_model_monthly_weather,mean_dayl_s_Sep
testing_model_monthly_weather,mean_srad_w_m_2_Sep
testing_model_monthly_weather,mean_tmax_deg_c_Sep
testing_model_monthly_weather,mean_tmin_deg_c_Sep
testing_model_monthly_weather,mean_vp_pa_Sep
testing_model_monthly_weather,sum_prcp_mm_day_Sep
testing_model_monthly_weather,sum_swe_kg_m_2_Sep
testing_model_monthly_weather,mean_dayl_s_Oct
testing_model_monthly_weather,mean_srad_w_m_2_Oct
testing_model_monthly_weather,mean_tmax_deg_c_Oct
testing_model_monthly_weather,mean_tmin_deg_c_Oct
testing_model_monthly_weather,mean_vp_pa_Oct
testing_model_monthly_weather,sum_prcp_mm_day_Oct
testing_model_monthly_weather,sum_swe_kg_m_2_Oct
testing_model_monthly_weather,mean_dayl_s_Nov
testing_model_monthly_weather,mean_srad_w_m_2_Nov
testing_model_monthly_weather,mean_tmax_deg_c_Nov
testing_model_monthly_weather,mean_tmin_deg_c_Nov
testing_model_monthly_weather,mean_vp_pa_Nov
testing_model_monthly_weather,sum_prcp_mm_day_Nov
testing_model_monthly_weather,sum_swe_kg_m_2_Nov
testing_model_monthly_weather,mean_dayl_s_Dec
testing_model_monthly_weather,mean_srad_w_m_2_Dec
testing_model_monthly_weather,mean_tmax_deg_c_Dec
testing_model_monthly_weather,mean_tmin_deg_c_Dec
testing_model_monthly_weather,mean_vp_pa_Dec
testing_model_monthly_weather,sum_prcp_mm_day_Dec
testing_model_monthly_weather,sum_swe_kg_m_2_Dec
testing_model_monthly_weather,mean_dayl_s_NA
testing_model_monthly_weather,mean_srad_w_m_2_NA
testing_model_monthly_weather,mean_tmax_deg_c_NA
testing_model_monthly_weather,mean_tmin_deg_c_NA
testing_model_monthly_weather,mean_vp_pa_NA
testing_model_monthly_weather,sum_prcp_mm_day_NA
testing_model_monthly_weather,sum_swe_kg_m_2_NA
